student_id,school,grade,section,gender,age,attendance_pct,study_hours_daily,internet_access,parent_education,mathematics,science,english,social_science,computer
STU-0001,West Senior,10,A,Male,16,66.5,1.0,Yes,Graduate,54.0,42.5,54.2,55.8,56.2
STU-0002,South Public,9,B,Female,14,78.4,4.2,Yes,Graduate,88.5,67.6,83.5,84.1,84.9
STU-0003,East Model,9,C,Female,14,58.3,4.8,Yes,Primary,70.9,64.9,65.4,72.6,71.1
STU-0004,East Model,11,A,Male,16,92.4,4.2,Yes,Secondary,81.4,83.7,83.5,60.0,71.9
STU-0005,South Public,10,C,Male,15,69.9,2.7,Yes,Primary,56.0,58.8,62.0,58.8,64.4
STU-0006,East Model,9,B,Female,14,80.3,3.2,Yes,Secondary,63.9,60.7,70.5,71.7,80.0
STU-0007,East Model,11,B,Female,16,88.4,0.9,Yes,Primary,66.4,61.8,68.3,52.1,77.2
STU-0008,South Public,12,A,Male,18,83.4,2.8,Yes,Postgraduate,70.2,72.0,91.0,91.8,51.4
STU-0009,West Senior,10,C,Male,15,73.4,2.1,Yes,Secondary,43.5,63.0,65.3,61.4,69.8
STU-0010,North Academy,9,A,Male,14,93.4,1.9,Yes,Primary,65.6,59.7,77.8,61.8,68.7
STU-0011,North Academy,11,A,Female,16,80.7,3.6,No,Secondary,40.5,65.8,65.6,68.9,71.1
STU-0012,East Model,10,A,Male,15,76.8,1.9,Yes,Graduate,58.7,68.3,95.3,57.0,77.7
STU-0013,North Academy,12,A,Female,18,73.4,2.9,Yes,Primary,71.9,60.3,72.4,72.5,52.6
STU-0014,North Academy,9,A,Male,14,67.9,1.7,No,Primary,35.4,61.6,57.5,59.1,63.0
STU-0015,East Model,12,A,Female,18,92.2,1.8,Yes,Primary,46.0,60.8,53.0,54.5,76.5
STU-0016,South Public,10,B,Female,16,73.4,2.1,No,Secondary,54.5,51.1,60.3,82.2,60.7
STU-0017,East Model,10,A,Female,15,81.2,1.7,Yes,Secondary,50.2,58.9,55.0,61.2,79.1
STU-0018,West Senior,11,A,Female,16,66.2,2.5,Yes,Secondary,42.7,46.0,70.7,63.0,74.3
STU-0019,East Model,10,B,Male,15,78.9,1.1,Yes,Primary,52.5,51.7,60.2,59.2,88.2
STU-0020,South Public,10,B,Female,15,99.7,3.2,Yes,Primary,91.4,77.7,64.3,70.5,79.4
STU-0021,North Academy,11,C,Male,16,68.5,0.4,Yes,Postgraduate,43.1,51.9,55.1,40.6,52.1
STU-0022,East Model,12,A,Male,17,83.0,2.2,Yes,Secondary,52.8,74.0,73.2,53.9,54.4
STU-0023,South Public,9,A,Male,15,74.1,3.7,No,Postgraduate,61.5,58.1,69.7,71.7,92.3
STU-0024,West Senior,12,A,Female,18,92.1,2.4,No,Graduate,74.1,62.6,54.3,73.2,67.9
STU-0025,East Model,11,B,Male,16,100.0,0.4,Yes,Graduate,52.8,51.6,65.4,69.5,76.8
STU-0026,West Senior,10,C,Male,16,97.8,2.3,No,Postgraduate,,71.5,74.8,75.0,72.0
STU-0027,North Academy,10,C,Male,15,66.8,0.2,Yes,Secondary,55.2,41.6,53.7,45.0,53.1
STU-0028,North Academy,9,B,Male,15,88.6,5.9,Yes,Secondary,93.8,84.9,100.0,74.9,84.1
STU-0029,South Public,11,A,Male,16,62.8,0.2,Yes,Secondary,36.0,53.7,47.9,55.3,49.5
STU-0030,South Public,10,C,Male,15,68.2,1.0,No,Graduate,54.1,38.2,69.6,50.7,63.7
STU-0031,West Senior,12,B,Male,17,84.7,2.1,No,Graduate,57.9,56.5,64.0,53.1,60.3
STU-0032,East Model,9,B,Female,14,85.4,2.5,Yes,Primary,75.4,70.4,56.1,69.6,71.4
STU-0033,North Academy,11,A,Female,16,80.5,3.3,Yes,Postgraduate,80.5,63.1,65.5,67.1,61.2
STU-0034,North Academy,11,A,Male,17,83.1,2.8,Yes,Graduate,59.0,72.2,83.1,77.7,86.3
STU-0035,South Public,12,C,Female,17,87.0,4.4,Yes,Graduate,67.4,71.3,83.2,71.5,66.9
STU-0036,South Public,11,A,Female,16,70.5,2.4,Yes,Graduate,61.6,74.1,63.5,60.8,63.6
STU-0037,East Model,9,C,Female,14,88.2,2.3,Yes,Secondary,60.6,92.3,90.8,57.5,76.1
STU-0038,East Model,11,C,Female,17,73.2,1.6,No,Graduate,47.0,49.7,57.7,50.4,63.2
STU-0039,East Model,10,A,Male,15,84.5,2.5,No,Graduate,61.3,72.5,64.7,56.0,88.1
STU-0040,South Public,9,A,Female,14,93.2,0.8,Yes,Primary,61.7,59.9,86.3,50.6,72.4
STU-0041,East Model,10,B,Female,15,90.2,4.5,No,Secondary,70.5,62.4,65.6,69.6,88.0
STU-0042,South Public,10,B,Female,16,80.3,2.8,Yes,Primary,51.0,52.4,87.9,69.9,76.4
STU-0043,South Public,9,B,Female,14,76.4,2.3,Yes,Secondary,71.6,71.7,76.3,83.4,52.5
STU-0044,North Academy,12,B,Male,17,87.7,2.7,Yes,Secondary,80.3,59.3,63.7,73.4,91.3
STU-0045,East Model,12,B,Male,18,93.3,5.6,Yes,Primary,75.4,82.1,93.8,77.2,80.1
STU-0046,West Senior,11,A,Male,17,78.9,0.7,Yes,Postgraduate,61.5,45.3,54.9,57.4,59.3
STU-0047,East Model,11,B,Male,16,86.5,3.9,Yes,Secondary,59.8,63.5,48.5,95.4,76.3
STU-0048,North Academy,11,B,Female,17,72.8,2.5,Yes,Graduate,55.4,57.1,64.7,62.1,60.3
STU-0049,North Academy,10,A,Female,15,88.7,1.7,No,Primary,61.7,68.6,64.2,68.2,52.9
STU-0050,North Academy,9,A,Male,14,92.8,3.2,No,Primary,66.1,73.8,85.4,83.0,78.1
STU-0051,East Model,9,C,Female,14,73.0,0.3,No,Postgraduate,48.3,48.1,73.7,58.3,61.8
STU-0052,West Senior,12,C,Female,17,94.9,2.3,Yes,Secondary,42.7,52.1,59.7,82.2,75.0
STU-0053,West Senior,10,A,Male,15,68.8,1.1,Yes,Postgraduate,75.3,64.4,60.0,49.0,63.0
STU-0054,West Senior,11,A,Female,16,75.0,2.2,Yes,Primary,61.3,57.6,88.7,52.5,66.0
STU-0055,East Model,10,C,Female,16,60.0,0.8,Yes,Secondary,51.8,50.6,54.8,62.1,47.9
STU-0056,North Academy,10,C,Female,15,78.3,3.9,Yes,Postgraduate,50.6,70.8,64.4,76.4,82.8
STU-0057,East Model,11,C,Male,16,79.1,5.9,No,Secondary,82.4,72.1,93.2,94.0,80.2
STU-0058,South Public,11,B,Male,16,93.5,2.0,Yes,Secondary,65.3,53.9,52.0,73.6,92.8
STU-0059,West Senior,9,A,Male,15,87.7,1.8,Yes,Postgraduate,83.0,73.5,67.2,93.6,78.9
STU-0060,North Academy,10,A,Female,15,73.4,1.5,Yes,Secondary,63.7,34.6,60.4,56.0,59.8
STU-0061,North Academy,9,B,Male,15,82.5,2.9,Yes,Graduate,85.9,75.7,62.1,68.6,72.1
STU-0062,East Model,9,B,Male,15,75.4,4.9,Yes,Graduate,69.8,77.8,64.8,79.3,65.3
STU-0063,North Academy,12,A,Male,17,72.6,1.8,Yes,Primary,57.1,54.0,60.6,67.0,66.3
STU-0064,East Model,11,C,Female,17,88.6,0.2,Yes,Primary,60.8,58.1,65.8,50.6,48.4
STU-0065,North Academy,9,C,Male,14,69.4,2.6,Yes,Secondary,57.0,48.6,71.8,64.6,62.8
STU-0066,East Model,11,A,Male,16,85.8,3.8,Yes,Graduate,76.0,68.2,67.5,81.7,92.6
STU-0067,East Model,12,A,Male,17,74.5,1.5,Yes,Secondary,57.3,72.5,56.4,71.4,60.1
STU-0068,West Senior,10,B,Male,16,93.0,3.1,No,Graduate,54.6,67.2,68.6,76.3,61.1
STU-0069,South Public,12,A,Male,18,74.0,1.3,Yes,Primary,43.2,64.8,79.0,45.4,67.2
STU-0070,South Public,11,B,Male,17,76.0,0.5,No,Graduate,48.6,58.7,64.0,60.5,53.8
STU-0071,North Academy,11,A,Female,16,79.2,0.4,Yes,Secondary,46.1,62.2,56.4,56.0,74.4
STU-0072,East Model,12,B,Female,17,84.1,1.7,Yes,Postgraduate,52.9,68.2,58.6,71.2,67.3
STU-0073,West Senior,12,B,Male,17,90.8,3.2,Yes,Primary,65.9,68.0,88.8,76.9,69.5
STU-0074,East Model,9,A,Female,14,82.7,0.3,Yes,Secondary,57.5,56.5,64.9,63.7,63.7
STU-0075,West Senior,11,C,Male,16,96.2,1.1,Yes,Secondary,70.0,78.0,72.8,55.8,85.7
STU-0076,East Model,9,A,Female,15,86.4,3.8,Yes,Graduate,66.7,78.7,73.9,89.2,75.1
STU-0077,North Academy,11,A,Female,17,83.6,3.2,Yes,Secondary,69.7,62.5,55.8,82.1,71.8
STU-0078,East Model,11,B,Female,16,91.0,1.2,Yes,Secondary,65.1,48.1,66.7,66.7,69.2
STU-0079,West Senior,12,C,Female,17,91.0,4.8,No,Graduate,70.3,74.6,87.4,80.8,84.3
STU-0080,West Senior,12,B,Male,17,93.8,1.8,Yes,Primary,63.6,59.3,68.2,63.8,62.5
STU-0081,West Senior,10,C,Female,16,85.0,0.9,Yes,Primary,55.9,71.1,46.5,53.4,83.3
STU-0082,East Model,9,C,Male,15,91.4,2.2,Yes,Secondary,55.9,64.5,77.5,91.0,80.7
STU-0083,North Academy,9,C,Female,15,84.6,1.7,Yes,Secondary,61.6,52.1,56.4,60.6,63.6
STU-0084,South Public,11,A,Male,16,75.9,1.5,Yes,Postgraduate,60.4,42.1,72.6,70.9,70.7
STU-0085,West Senior,9,B,Male,14,85.9,1.1,Yes,Graduate,61.7,60.6,69.5,70.6,61.0
STU-0086,East Model,11,B,Male,17,78.5,2.4,Yes,Primary,57.2,34.7,64.5,64.3,64.2
STU-0087,South Public,11,B,Male,17,82.0,0.4,Yes,Primary,61.7,59.2,68.7,69.0,68.0
STU-0088,North Academy,10,A,Female,16,87.8,1.4,Yes,Graduate,69.8,64.5,44.0,68.4,66.5
STU-0089,South Public,9,A,Male,15,76.7,1.1,No,Graduate,52.5,67.1,41.9,73.5,59.6
STU-0090,South Public,9,B,Male,14,67.3,4.7,No,Primary,70.7,64.0,75.7,72.7,62.6
STU-0091,South Public,10,B,Male,15,88.2,2.4,No,Primary,75.5,85.2,64.4,67.4,69.6
STU-0092,East Model,11,B,Female,16,99.0,1.8,Yes,Secondary,51.0,77.4,75.2,63.1,55.9
STU-0093,West Senior,9,B,Male,14,69.2,1.3,No,Primary,65.4,73.5,53.8,45.4,58.6
STU-0094,North Academy,12,A,Female,17,74.7,1.6,No,Secondary,73.4,53.8,70.1,75.0,52.0
STU-0095,West Senior,12,C,Female,17,100.0,1.4,Yes,Graduate,77.1,53.4,89.4,66.8,50.4
STU-0096,South Public,12,C,Male,17,78.4,3.4,Yes,Primary,52.8,61.2,65.3,76.2,92.8
STU-0097,North Academy,10,A,Female,15,49.3,1.3,Yes,Graduate,30.5,54.5,60.3,49.7,46.1
STU-0098,North Academy,11,A,Female,16,98.7,2.1,Yes,Secondary,80.3,71.4,85.9,71.2,59.2
STU-0099,North Academy,11,C,Male,16,87.6,4.9,No,Secondary,42.9,87.9,90.8,70.2,75.8
STU-0100,South Public,11,B,Female,16,93.5,1.4,Yes,Primary,62.9,61.7,79.8,57.5,53.2
STU-0101,North Academy,11,B,Male,16,87.8,1.1,Yes,Primary,65.4,55.4,59.7,73.2,73.9
STU-0102,North Academy,10,C,Female,15,76.3,3.4,Yes,Primary,72.8,91.7,79.5,75.9,82.6
STU-0103,South Public,10,A,Female,15,89.8,1.6,Yes,Secondary,78.6,81.3,68.0,67.6,62.4
STU-0104,East Model,10,B,Male,15,65.6,4.4,Yes,Postgraduate,70.4,74.9,78.9,68.6,67.0
STU-0105,West Senior,9,B,Female,14,86.7,2.8,Yes,Secondary,61.0,86.3,65.9,73.9,83.8
STU-0106,East Model,12,B,Female,17,81.6,3.3,Yes,Graduate,65.6,63.9,64.2,72.3,92.1
STU-0107,South Public,9,B,Female,14,89.1,2.0,No,Graduate,67.2,81.1,71.2,74.5,86.9
STU-0108,West Senior,10,C,Female,15,73.0,2.4,Yes,Graduate,68.7,72.6,80.8,65.4,60.1
STU-0109,South Public,10,B,Female,16,83.1,4.3,Yes,Secondary,61.1,70.7,57.5,83.4,82.5
STU-0110,West Senior,12,C,Female,18,84.8,1.5,Yes,Postgraduate,61.6,51.8,46.2,50.8,69.1
STU-0111,South Public,9,A,Male,14,81.1,2.3,Yes,Primary,62.6,71.6,72.7,57.8,79.5
STU-0112,South Public,11,B,Male,17,76.9,2.0,Yes,Postgraduate,68.4,59.0,73.6,75.9,73.7
STU-0113,North Academy,10,B,Male,16,89.3,1.5,Yes,Secondary,57.2,71.6,70.4,82.3,67.5
STU-0114,West Senior,12,C,Male,18,59.6,0.9,Yes,Graduate,67.1,57.4,47.4,53.2,47.8
STU-0115,West Senior,10,A,Male,15,76.0,3.9,Yes,Secondary,55.0,55.8,77.8,67.0,83.7
STU-0116,South Public,10,B,Female,16,69.8,1.7,Yes,Secondary,64.8,60.9,59.8,62.3,65.5
STU-0117,North Academy,12,A,Female,17,71.0,4.4,Yes,Postgraduate,86.8,67.7,89.2,72.3,50.3
STU-0118,North Academy,11,C,Male,16,100.0,2.8,Yes,Secondary,72.0,69.7,67.8,72.9,69.7
STU-0119,North Academy,10,B,Female,15,74.9,1.9,No,Graduate,50.8,75.8,74.6,60.9,61.6
STU-0120,South Public,9,B,Male,15,89.1,3.1,Yes,Graduate,60.8,79.1,71.9,64.1,96.0
STU-0121,East Model,11,A,Male,16,75.1,3.7,Yes,Graduate,55.8,61.5,68.1,74.4,84.2
STU-0122,South Public,11,B,Male,16,82.9,3.1,No,Postgraduate,48.4,61.5,55.2,66.2,71.4
STU-0123,East Model,11,C,Female,16,91.8,0.2,Yes,Primary,59.0,49.1,59.3,51.2,54.6
STU-0124,North Academy,11,C,Male,16,79.3,2.0,Yes,Secondary,82.8,60.0,60.4,81.0,69.0
STU-0125,West Senior,10,B,Female,15,82.1,3.4,Yes,Graduate,59.1,81.1,77.6,63.8,75.9
STU-0126,West Senior,9,A,Female,14,88.7,1.4,No,Secondary,65.1,56.1,52.0,80.3,76.2
STU-0127,East Model,11,B,Female,16,80.2,1.5,Yes,Graduate,60.2,66.8,58.3,45.5,65.7
STU-0128,North Academy,11,B,Female,16,70.0,2.5,Yes,Primary,72.6,48.5,62.1,62.8,46.4
STU-0129,South Public,11,C,Female,17,74.9,1.0,Yes,Graduate,42.9,64.6,45.8,49.2,54.2
STU-0130,West Senior,9,A,Female,14,94.6,0.8,Yes,Graduate,80.6,80.5,51.3,69.6,55.5
STU-0131,South Public,12,C,Male,17,77.2,1.9,Yes,Graduate,67.6,58.5,63.6,58.7,60.0
STU-0132,South Public,12,B,Female,18,74.7,7.0,No,Graduate,66.9,100.0,100.0,76.5,78.8
STU-0133,East Model,9,B,Female,14,73.6,0.5,Yes,Graduate,40.5,50.2,64.6,78.7,63.8
STU-0134,East Model,11,C,Female,16,78.0,2.6,No,Postgraduate,54.2,70.8,65.9,65.1,65.2
STU-0135,North Academy,11,A,Female,16,80.9,2.7,Yes,Postgraduate,68.8,64.3,65.9,79.5,50.6
STU-0136,North Academy,10,B,Female,15,85.6,2.4,Yes,Secondary,71.3,83.4,83.3,63.3,53.8
STU-0137,East Model,11,A,Male,17,75.1,2.3,Yes,Postgraduate,58.2,55.2,63.5,63.5,61.3
STU-0138,South Public,9,A,Female,15,82.3,1.3,Yes,Secondary,55.9,66.6,67.6,68.4,72.1
STU-0139,West Senior,9,C,Male,15,99.8,1.7,No,Graduate,62.3,63.1,71.3,68.3,92.6
STU-0140,South Public,10,B,Male,16,76.8,4.0,No,Graduate,58.8,62.2,72.2,53.9,84.3
STU-0141,North Academy,11,A,Female,16,83.4,1.4,No,Secondary,55.9,72.0,66.6,65.9,69.0
STU-0142,West Senior,10,B,Female,15,83.1,3.7,Yes,Graduate,70.4,74.7,67.4,69.6,84.2
STU-0143,North Academy,11,A,Female,16,85.7,2.7,Yes,Postgraduate,63.3,70.5,79.5,52.8,70.9
STU-0144,West Senior,10,A,Female,15,90.9,1.1,Yes,Primary,53.3,72.0,69.7,66.6,58.4
STU-0145,North Academy,11,B,Female,16,78.8,5.3,No,Graduate,76.8,82.6,74.0,68.2,71.7
STU-0146,North Academy,9,B,Female,14,95.6,1.5,Yes,Secondary,64.3,85.1,57.9,64.9,64.9
STU-0147,North Academy,12,C,Female,17,75.1,1.7,Yes,Secondary,63.5,84.7,66.9,67.2,49.3
STU-0148,North Academy,11,B,Male,16,67.7,2.3,Yes,Graduate,61.4,58.5,62.4,74.1,52.3
STU-0149,West Senior,11,B,Female,17,92.8,1.0,Yes,Primary,56.4,60.5,69.0,58.1,52.0
STU-0150,South Public,9,C,Female,14,80.9,1.1,Yes,Graduate,48.1,50.4,58.3,71.8,57.6
STU-0151,South Public,11,A,Female,16,73.6,4.3,Yes,Primary,66.7,58.0,68.7,47.5,73.9
STU-0152,West Senior,9,A,Male,15,78.7,2.2,No,Postgraduate,65.3,50.9,74.6,62.6,75.3
STU-0153,East Model,11,C,Male,17,66.1,1.2,Yes,Secondary,74.5,52.3,52.5,67.8,58.3
STU-0154,West Senior,9,B,Male,14,94.9,0.9,Yes,Graduate,54.4,53.6,75.2,53.2,71.1
STU-0155,South Public,10,C,Male,15,67.9,3.3,Yes,Primary,77.2,52.9,70.4,62.1,70.7
STU-0156,North Academy,12,B,Female,18,80.0,3.4,Yes,Graduate,77.3,68.8,84.3,78.1,76.5
STU-0157,North Academy,11,A,Male,16,78.4,1.7,No,Secondary,61.0,65.3,57.3,56.9,71.5
STU-0158,South Public,9,C,Female,14,59.0,2.0,Yes,Primary,58.8,53.2,56.7,55.7,58.6
STU-0159,West Senior,11,C,Male,16,80.6,3.3,Yes,Secondary,53.4,78.3,77.9,71.7,85.7
STU-0160,South Public,10,A,Female,15,82.1,2.0,Yes,Postgraduate,62.6,61.1,69.0,73.4,67.4
STU-0161,South Public,12,B,Female,17,88.9,0.8,Yes,Graduate,33.6,58.0,54.1,62.5,71.1
STU-0162,South Public,10,A,Female,15,85.2,1.2,Yes,Secondary,76.7,57.7,74.8,69.3,68.3
STU-0163,North Academy,9,B,Female,14,89.4,0.8,Yes,Primary,61.7,76.1,81.0,64.2,76.7
STU-0164,South Public,10,C,Male,16,90.8,0.9,Yes,Secondary,62.0,77.5,78.2,58.3,74.5
STU-0165,West Senior,12,C,Female,17,85.5,1.3,Yes,Secondary,89.6,56.6,63.7,59.4,73.6
STU-0166,South Public,9,A,Female,14,78.0,1.8,Yes,Graduate,27.0,67.8,63.7,79.0,71.4
STU-0167,South Public,12,B,Male,17,100.0,1.4,Yes,Graduate,73.9,70.8,80.1,69.5,64.9
STU-0168,East Model,12,A,Female,18,68.1,1.9,Yes,Secondary,60.8,64.4,76.8,49.9,61.3
STU-0169,West Senior,10,C,Male,16,78.9,1.5,Yes,Postgraduate,62.1,58.9,64.0,66.4,76.3
STU-0170,North Academy,12,C,Male,18,78.7,1.5,Yes,Primary,43.6,61.9,72.8,80.1,49.5
STU-0171,North Academy,11,A,Female,16,75.0,0.7,Yes,Primary,49.6,71.4,73.7,62.8,52.6
STU-0172,West Senior,11,C,Female,17,75.1,1.1,Yes,Primary,57.6,57.7,67.7,64.7,62.9
STU-0173,South Public,10,A,Female,15,75.6,4.6,Yes,Primary,80.8,75.3,65.9,92.2,89.4
STU-0174,North Academy,11,C,Male,16,79.2,4.1,Yes,Graduate,59.8,75.0,68.4,57.8,74.6
STU-0175,South Public,9,A,Female,14,82.2,1.1,Yes,Postgraduate,52.7,68.7,62.2,84.1,81.7
STU-0176,West Senior,12,C,Male,17,70.1,2.3,No,Graduate,63.2,41.2,61.3,61.3,73.4
STU-0177,East Model,9,B,Male,14,73.2,3.2,Yes,Primary,63.9,83.5,75.2,82.0,75.6
STU-0178,East Model,10,B,Male,15,68.6,1.6,No,Primary,54.1,38.4,60.0,64.7,59.1
STU-0179,East Model,10,A,Female,15,81.4,3.8,Yes,Secondary,48.8,67.6,79.4,80.4,70.8
STU-0180,West Senior,9,A,Female,15,90.9,2.2,Yes,Secondary,60.0,55.8,62.5,73.3,76.9
STU-0181,East Model,9,A,Female,14,74.5,4.9,No,Postgraduate,74.5,56.0,83.7,59.3,79.3
STU-0182,North Academy,11,B,Female,16,87.7,3.3,Yes,Secondary,86.4,78.3,72.7,60.6,68.9
STU-0183,East Model,9,A,Female,14,97.0,3.2,Yes,Secondary,66.5,82.6,67.1,71.9,80.7
STU-0184,East Model,11,A,Male,16,85.3,1.0,Yes,Graduate,39.6,61.4,71.4,71.8,77.9
STU-0185,North Academy,10,B,Female,15,78.0,3.7,Yes,Graduate,71.8,72.2,57.1,71.9,67.4
STU-0186,East Model,10,A,Male,16,92.8,3.3,Yes,Secondary,69.7,67.5,84.2,81.7,86.2
STU-0187,South Public,10,C,Female,15,79.7,2.4,Yes,Postgraduate,62.7,70.5,59.3,60.8,71.1
STU-0188,West Senior,12,C,Female,17,84.9,2.2,Yes,Primary,66.4,72.2,68.2,73.8,72.9
STU-0189,West Senior,10,C,Male,16,87.0,3.3,No,Secondary,66.0,89.3,68.5,56.3,77.3
STU-0190,East Model,10,A,Male,15,66.1,3.1,No,Secondary,79.6,65.0,71.2,62.4,53.2
STU-0191,West Senior,11,B,Male,17,95.7,5.7,No,Graduate,86.6,88.3,100.0,100.0,100.0
STU-0192,North Academy,9,A,Female,14,86.9,1.5,Yes,Postgraduate,62.8,64.9,74.8,64.4,74.4
STU-0193,East Model,12,B,Male,17,99.6,3.1,Yes,Graduate,67.3,71.7,65.8,77.2,87.1
STU-0194,South Public,12,C,Female,18,100.0,3.0,Yes,Graduate,85.6,68.3,78.0,87.4,80.1
STU-0195,South Public,9,A,Male,15,99.2,1.4,Yes,Secondary,74.5,42.5,82.4,75.3,74.7
STU-0196,West Senior,9,A,Female,14,85.6,3.7,Yes,Secondary,72.2,84.4,82.7,80.2,66.9
STU-0197,East Model,12,B,Male,17,78.5,1.9,No,Graduate,57.0,56.8,61.9,61.4,45.9
STU-0198,West Senior,10,B,Male,16,66.1,3.5,Yes,Primary,58.6,56.2,39.7,74.5,69.6
STU-0199,North Academy,12,A,Female,18,80.2,0.9,Yes,Secondary,60.5,64.8,58.9,49.7,70.5
STU-0200,North Academy,12,C,Male,17,83.9,3.3,Yes,Secondary,60.4,69.6,78.3,52.7,61.9
STU-0201,North Academy,12,B,Male,18,83.9,1.0,Yes,Graduate,65.5,41.6,76.7,48.1,66.2
STU-0202,West Senior,12,A,Male,17,82.2,1.5,Yes,Graduate,64.6,47.9,72.7,64.3,54.0
STU-0203,East Model,9,B,Female,14,74.6,0.5,Yes,Secondary,62.3,74.8,48.3,58.3,54.3
STU-0204,East Model,10,B,Female,15,78.1,0.5,No,Secondary,39.7,64.6,64.2,63.7,60.5
STU-0205,East Model,9,A,Male,15,95.7,2.1,No,Graduate,72.5,75.8,90.6,80.2,79.1
STU-0206,South Public,11,A,Female,16,82.5,5.9,Yes,Secondary,83.8,81.6,85.9,68.5,53.1
STU-0207,West Senior,10,B,Female,16,81.8,2.4,Yes,Graduate,53.9,66.7,65.7,72.6,53.0
STU-0208,East Model,11,B,Female,17,80.9,2.5,Yes,Secondary,60.6,59.2,71.4,69.4,78.5
STU-0209,West Senior,10,A,Female,15,81.1,1.3,Yes,Primary,64.0,66.7,65.9,73.1,52.6
STU-0210,West Senior,12,A,Male,18,80.8,5.1,Yes,Postgraduate,71.7,69.4,82.4,65.5,78.3
STU-0211,North Academy,10,C,Female,15,98.4,0.5,No,Primary,64.8,55.7,73.9,45.9,66.1
STU-0212,East Model,11,C,Female,16,78.1,3.1,Yes,Secondary,62.0,64.6,67.7,59.0,79.1
STU-0213,North Academy,10,A,Female,15,76.1,2.7,Yes,Secondary,74.5,77.4,74.4,74.6,71.4
STU-0214,South Public,9,B,Male,15,86.6,2.3,Yes,Secondary,59.9,75.4,75.4,69.1,79.5
STU-0215,West Senior,9,A,Female,14,70.9,1.7,Yes,Secondary,52.5,50.1,63.7,81.2,57.8
STU-0216,North Academy,10,A,Male,15,79.9,0.8,No,Secondary,42.1,61.8,62.1,50.3,69.4
STU-0217,East Model,12,C,Male,17,84.4,2.3,Yes,Postgraduate,45.3,58.1,69.4,67.4,73.7
STU-0218,West Senior,9,A,Male,15,89.7,1.9,Yes,Graduate,59.7,58.8,58.9,59.6,91.0
STU-0219,North Academy,12,C,Male,18,80.7,2.6,Yes,Secondary,86.2,48.7,90.9,66.1,57.7
STU-0220,South Public,9,C,Male,15,77.6,1.0,No,Graduate,66.5,43.0,58.7,64.0,47.0
STU-0221,West Senior,12,A,Female,17,84.3,2.1,Yes,Secondary,40.6,68.9,70.6,75.2,64.9
STU-0222,West Senior,11,B,Male,17,77.9,3.4,Yes,Graduate,77.5,79.6,77.6,77.3,78.5
STU-0223,West Senior,11,B,Male,16,63.7,0.7,Yes,Secondary,49.9,57.1,60.7,71.6,60.2
STU-0224,South Public,10,C,Male,16,91.9,2.8,Yes,Secondary,65.0,60.5,62.2,90.0,84.2
STU-0225,North Academy,9,A,Female,15,82.1,0.4,Yes,Graduate,55.0,68.2,59.6,62.1,66.4
STU-0226,East Model,9,C,Male,14,93.9,1.5,Yes,Secondary,82.8,50.4,73.6,75.6,71.1
STU-0227,North Academy,11,B,Female,17,82.0,0.6,Yes,Postgraduate,37.5,63.5,66.4,57.7,52.9
STU-0228,North Academy,11,C,Male,16,98.7,3.2,Yes,Primary,85.1,83.9,83.1,69.3,90.7
STU-0229,North Academy,9,B,Female,15,100.0,1.8,Yes,Secondary,82.8,88.3,75.7,64.4,90.6
STU-0230,East Model,10,C,Male,16,74.8,2.1,Yes,Primary,65.9,68.4,69.2,85.2,69.3
STU-0231,East Model,12,A,Male,17,89.2,1.3,Yes,Secondary,62.8,62.5,63.0,49.2,75.6
STU-0232,North Academy,11,C,Female,16,72.9,2.7,No,Graduate,44.6,71.9,72.1,65.3,62.2
STU-0233,East Model,9,B,Female,14,83.5,1.2,Yes,Postgraduate,49.2,63.9,62.7,76.4,58.9
STU-0234,South Public,9,A,Male,14,74.7,3.1,No,Secondary,78.3,56.7,84.7,52.1,67.4
STU-0235,West Senior,11,B,Male,17,81.0,1.5,Yes,Primary,53.9,49.3,66.7,64.3,83.6
STU-0236,North Academy,9,A,Male,15,91.7,2.2,Yes,Graduate,69.3,71.5,74.8,79.7,68.4
STU-0237,West Senior,11,B,Female,17,93.0,1.4,Yes,Graduate,67.0,68.5,83.2,63.1,59.2
STU-0238,East Model,12,B,Female,18,87.8,1.3,Yes,Postgraduate,76.4,49.5,74.8,55.2,79.5
STU-0239,North Academy,11,C,Male,16,81.6,1.8,No,Secondary,54.5,68.6,70.2,50.4,52.8
STU-0240,East Model,11,B,Male,16,94.2,1.5,Yes,Graduate,66.5,62.7,71.2,69.8,71.2
STU-0241,North Academy,9,C,Male,15,100.0,2.9,No,Secondary,76.0,73.8,80.8,71.5,85.3
STU-0242,West Senior,10,B,Female,15,83.5,1.0,No,Primary,55.5,50.1,60.2,50.5,65.2
STU-0243,South Public,11,C,Female,17,96.4,0.4,Yes,Primary,54.4,45.9,63.5,75.5,54.0
STU-0244,West Senior,12,B,Male,18,78.8,1.1,No,Secondary,38.0,48.8,61.9,76.4,76.4
STU-0245,West Senior,11,B,Female,16,97.3,1.4,Yes,Secondary,59.9,66.4,90.3,77.5,80.9
STU-0246,West Senior,9,C,Female,14,74.4,7.0,Yes,Secondary,67.9,95.3,88.2,88.2,100.0
STU-0247,East Model,10,B,Female,15,92.2,1.3,Yes,Secondary,72.4,91.8,75.2,56.7,68.6
STU-0248,North Academy,9,C,Female,14,98.7,7.0,No,Secondary,100.0,93.8,99.7,92.7,100.0
STU-0249,West Senior,9,C,Male,14,78.4,2.6,No,Secondary,58.5,62.1,52.6,70.7,80.5
STU-0250,East Model,10,C,Female,15,77.5,1.5,No,Secondary,44.2,82.7,66.6,55.9,62.5
STU-0251,South Public,10,C,Male,15,75.6,1.3,No,Secondary,59.2,54.7,72.5,64.0,73.1
STU-0252,South Public,9,B,Female,14,76.0,2.9,No,Secondary,54.1,70.3,82.1,72.6,75.9
STU-0253,North Academy,9,C,Female,14,84.1,4.8,Yes,Graduate,77.2,67.1,89.1,76.7,63.2
STU-0254,West Senior,12,A,Female,17,75.1,2.0,Yes,Secondary,62.1,66.7,61.8,82.7,73.7
STU-0255,South Public,12,C,Female,17,80.9,1.0,No,Graduate,69.3,61.9,55.6,60.9,73.5
STU-0256,South Public,11,A,Female,16,76.2,4.9,Yes,Secondary,62.8,72.0,87.6,77.3,90.6
STU-0257,North Academy,11,C,Male,16,61.6,1.3,Yes,Graduate,42.8,46.9,56.2,75.5,57.7
STU-0258,North Academy,9,A,Female,14,71.0,2.0,Yes,Primary,56.8,42.2,62.0,48.4,58.0
STU-0259,North Academy,12,A,Male,17,77.3,3.4,No,Secondary,84.0,51.5,82.1,50.7,63.0
STU-0260,East Model,12,C,Male,17,93.9,6.3,Yes,Secondary,78.2,81.4,92.4,93.3,86.9
STU-0261,West Senior,10,A,Male,15,71.3,2.4,No,Secondary,61.9,79.1,53.2,68.3,73.8
STU-0262,West Senior,10,B,Male,15,81.6,1.8,Yes,Secondary,47.5,63.2,68.8,86.5,64.4
STU-0263,West Senior,11,B,Male,16,68.8,2.9,No,Graduate,47.5,60.8,53.1,64.0,60.7
STU-0264,North Academy,12,A,Female,17,78.7,3.3,Yes,Graduate,79.3,50.6,65.7,84.9,73.1
STU-0265,West Senior,9,A,Male,14,90.7,1.8,Yes,Graduate,74.5,72.8,58.7,73.8,81.9
STU-0266,West Senior,11,B,Female,17,85.3,1.6,Yes,Secondary,62.7,56.5,78.7,51.7,86.4
STU-0267,North Academy,11,B,Female,17,83.6,2.1,Yes,Postgraduate,74.1,64.8,65.9,69.3,75.9
STU-0268,West Senior,9,B,Female,14,77.7,0.8,No,Graduate,46.1,51.9,78.1,60.2,68.1
STU-0269,West Senior,11,A,Male,16,91.7,1.1,Yes,Graduate,61.2,64.0,45.6,59.6,66.3
STU-0270,North Academy,11,C,Female,17,86.0,2.9,Yes,Primary,68.6,68.2,77.2,90.1,73.1
STU-0271,South Public,9,A,Female,14,72.5,1.1,Yes,Secondary,49.8,43.9,62.5,77.2,57.3
STU-0272,South Public,12,C,Female,17,93.2,1.5,Yes,Secondary,57.8,74.1,61.4,77.6,76.9
STU-0273,East Model,11,B,Male,16,80.7,1.3,Yes,Graduate,73.9,70.5,56.8,62.4,61.0
STU-0274,West Senior,12,C,Female,17,74.2,0.6,Yes,Secondary,58.7,42.2,52.8,63.3,60.9
STU-0275,West Senior,9,B,Female,14,96.8,1.5,Yes,Graduate,73.8,71.6,76.6,64.1,70.3
STU-0276,North Academy,9,A,Female,15,71.9,2.0,Yes,Secondary,65.2,62.8,72.5,46.9,73.4
STU-0277,North Academy,12,A,Male,17,80.2,1.1,Yes,Graduate,61.5,49.6,76.4,57.3,76.3
STU-0278,West Senior,10,C,Male,15,87.6,5.9,Yes,Secondary,77.6,71.2,94.6,78.3,88.7
STU-0279,West Senior,12,C,Female,18,90.1,1.9,Yes,Postgraduate,60.5,59.6,55.1,55.6,75.6
STU-0280,South Public,11,A,Female,16,80.1,2.1,Yes,Graduate,72.9,61.1,62.2,61.4,65.6
STU-0281,East Model,12,A,Female,17,91.2,1.1,No,Primary,59.5,77.1,95.5,66.6,78.0
STU-0282,North Academy,11,C,Male,17,87.0,1.9,Yes,Secondary,58.3,41.7,90.6,77.6,94.1
STU-0283,South Public,12,C,Female,18,96.2,3.8,Yes,Secondary,64.1,73.6,80.1,76.8,82.0
STU-0284,East Model,12,B,Female,18,89.3,0.5,Yes,Graduate,68.0,59.0,39.1,66.7,85.6
STU-0285,South Public,11,C,Female,17,86.6,1.2,Yes,Secondary,59.2,60.8,60.2,60.9,79.2
STU-0286,West Senior,10,C,Female,15,95.4,3.1,Yes,Postgraduate,73.2,70.6,86.3,78.5,71.4
STU-0287,East Model,10,B,Male,15,74.8,0.9,Yes,Postgraduate,53.6,62.8,39.2,51.6,61.7
STU-0288,East Model,12,A,Male,17,72.3,2.2,No,Primary,28.7,54.6,64.2,62.8,60.0
STU-0289,East Model,10,A,Female,15,77.1,2.9,No,Graduate,66.8,67.5,95.3,58.5,80.8
STU-0290,North Academy,12,A,Male,17,94.9,0.3,Yes,Postgraduate,51.2,48.5,56.7,62.3,73.8
STU-0291,South Public,11,C,Male,16,82.3,1.0,No,Graduate,56.4,64.7,65.6,40.1,62.4
STU-0292,South Public,9,A,Male,14,92.7,5.1,Yes,Primary,79.8,78.8,67.4,72.7,80.2
STU-0293,North Academy,11,A,Male,16,79.4,2.6,Yes,Graduate,55.9,67.0,70.1,77.6,66.5
STU-0294,West Senior,9,A,Male,14,64.3,2.0,Yes,Secondary,54.1,59.7,67.8,59.2,57.7
STU-0295,North Academy,10,A,Male,16,79.1,3.4,Yes,Primary,61.4,74.0,69.3,82.3,82.2
STU-0296,West Senior,10,B,Male,15,86.3,2.3,Yes,Secondary,67.7,73.5,81.6,75.7,58.5
STU-0297,North Academy,9,C,Female,14,74.2,1.6,No,Secondary,57.8,76.2,64.8,68.0,42.3
STU-0298,West Senior,12,B,Female,17,74.9,1.2,No,Secondary,62.9,67.1,50.0,60.1,57.9
STU-0299,South Public,12,C,Female,18,97.1,4.4,Yes,Graduate,71.6,75.4,90.9,75.1,77.5
STU-0300,East Model,10,C,Male,15,58.7,1.2,Yes,Secondary,45.6,54.8,60.0,52.2,60.6
STU-0301,East Model,10,C,Female,16,65.3,6.0,Yes,Secondary,80.2,100.0,85.2,72.9,85.6
STU-0302,West Senior,9,A,Male,14,71.2,1.4,Yes,Primary,39.7,85.4,72.7,51.6,66.1
STU-0303,North Academy,11,A,Male,16,84.1,3.4,No,Secondary,59.9,78.5,71.7,67.0,75.9
STU-0304,West Senior,11,A,Female,16,81.4,1.0,Yes,Graduate,51.7,59.0,74.8,41.7,48.4
STU-0305,South Public,9,C,Female,14,81.0,0.5,Yes,Primary,43.5,72.6,61.1,73.6,72.0
STU-0306,South Public,9,B,Female,15,100.0,0.4,Yes,Graduate,55.5,50.0,64.9,78.0,75.3
STU-0307,North Academy,9,B,Female,14,73.9,4.4,Yes,Postgraduate,71.9,69.1,85.9,72.7,71.3
STU-0308,East Model,9,A,Male,14,77.8,7.0,No,Secondary,91.3,76.5,64.7,78.1,95.9
STU-0309,South Public,10,C,Female,16,79.6,3.8,No,Secondary,60.4,80.7,53.4,72.3,82.6
STU-0310,South Public,12,C,Female,17,99.5,2.1,No,Primary,67.3,84.8,76.8,60.1,57.9
STU-0311,East Model,12,A,Female,17,91.9,2.1,Yes,Secondary,73.6,58.3,70.5,71.1,70.2
STU-0312,South Public,9,B,Female,14,94.5,5.2,Yes,Secondary,82.5,77.2,72.5,85.2,97.5
STU-0313,South Public,11,C,Female,16,87.6,1.7,Yes,Graduate,64.1,63.1,70.7,54.1,76.8
STU-0314,North Academy,9,A,Female,14,94.3,5.1,Yes,Secondary,68.6,74.7,82.8,79.7,96.0
STU-0315,East Model,10,B,Female,15,85.5,2.7,Yes,Secondary,67.8,66.2,82.7,68.6,62.8
STU-0316,North Academy,12,C,Female,18,82.3,2.7,Yes,Graduate,50.7,79.1,60.8,62.7,82.4
STU-0317,East Model,11,C,Female,16,82.8,4.1,No,Graduate,53.0,,80.7,77.2,89.2
STU-0318,West Senior,9,A,Female,14,88.3,1.2,Yes,Graduate,76.1,58.3,65.9,73.9,78.6
STU-0319,North Academy,12,B,Female,17,74.4,4.8,Yes,Secondary,64.7,73.7,93.6,69.9,71.8
STU-0320,South Public,12,C,Male,17,84.1,1.5,Yes,Secondary,54.0,76.4,80.7,58.4,61.2
STU-0321,East Model,11,C,Male,16,88.6,1.9,Yes,Secondary,59.1,59.0,68.0,58.7,68.9
STU-0322,North Academy,12,A,Male,18,80.6,2.0,Yes,Postgraduate,64.3,58.5,62.8,81.4,71.4
STU-0323,East Model,10,A,Male,15,70.7,1.7,Yes,Graduate,63.8,64.7,72.0,51.4,73.5
STU-0324,South Public,12,A,Female,18,98.1,2.2,Yes,Secondary,50.7,67.8,86.4,61.6,68.4
STU-0325,East Model,10,B,Male,15,95.5,2.1,Yes,Secondary,55.1,55.5,73.3,56.6,64.8
STU-0326,East Model,10,C,Female,16,88.1,2.1,Yes,Graduate,56.2,54.4,69.8,58.4,80.5
STU-0327,North Academy,9,B,Male,15,78.5,2.6,Yes,Secondary,49.6,64.6,62.0,54.2,83.8
STU-0328,North Academy,10,C,Female,16,82.7,1.9,No,Secondary,61.7,52.6,44.4,76.7,72.8
STU-0329,East Model,10,A,Male,16,82.3,1.5,Yes,Graduate,61.4,56.4,73.9,71.4,63.6
STU-0330,West Senior,9,B,Male,14,79.4,2.3,Yes,Graduate,71.6,83.8,61.3,81.0,72.1
STU-0331,South Public,11,A,Male,16,86.9,0.7,No,Secondary,57.8,52.4,69.1,84.5,53.8
STU-0332,South Public,10,C,Male,15,89.6,2.1,Yes,Primary,45.9,67.1,68.2,75.1,62.0
STU-0333,East Model,11,C,Female,16,79.7,2.5,Yes,Secondary,59.5,59.2,73.9,66.3,67.1
STU-0334,South Public,12,C,Male,17,62.0,4.3,Yes,Secondary,75.2,57.4,73.3,66.2,82.4
STU-0335,West Senior,10,C,Female,15,90.9,3.1,No,Secondary,50.1,70.9,62.6,62.6,77.7
STU-0336,West Senior,9,C,Male,14,77.9,3.2,Yes,Graduate,65.1,91.4,66.8,67.7,63.6
STU-0337,East Model,11,B,Male,17,72.2,0.9,No,Postgraduate,43.5,71.3,56.2,71.7,60.5
STU-0338,West Senior,12,B,Male,17,92.2,0.6,No,Graduate,56.3,50.3,73.6,60.9,74.2
STU-0339,North Academy,12,A,Male,17,92.6,6.1,Yes,Secondary,79.1,81.8,62.4,84.6,87.2
STU-0340,North Academy,9,A,Male,14,71.7,2.0,No,Secondary,63.4,65.1,59.2,69.6,53.2
STU-0341,East Model,11,C,Male,16,80.1,1.6,No,Graduate,59.0,53.8,69.1,53.4,72.2
STU-0342,North Academy,9,C,Male,14,86.1,2.9,Yes,Graduate,87.2,56.4,85.6,83.0,83.8
STU-0343,East Model,11,A,Female,16,84.1,1.1,No,Secondary,46.7,62.5,63.7,52.8,48.3
STU-0344,East Model,12,B,Female,17,75.3,2.0,Yes,Graduate,52.7,56.2,73.3,67.9,78.1
STU-0345,East Model,12,B,Female,18,65.9,2.1,Yes,Secondary,50.6,62.8,69.9,55.8,56.0
STU-0346,South Public,12,A,Female,17,73.5,0.4,No,Secondary,57.8,59.5,57.3,34.2,67.3
STU-0347,West Senior,9,C,Female,14,76.3,2.4,Yes,Primary,78.7,55.7,68.1,65.9,72.1
STU-0348,West Senior,10,A,Male,16,78.0,3.4,Yes,Graduate,70.7,67.3,75.5,81.0,84.8
STU-0349,South Public,12,B,Female,17,88.7,1.6,Yes,Secondary,64.3,94.7,70.8,76.7,82.2
STU-0350,West Senior,9,A,Male,15,84.4,4.1,Yes,Secondary,55.0,77.1,71.1,63.4,80.2
STU-0351,East Model,10,B,Male,16,84.1,1.9,Yes,Graduate,71.6,64.9,69.8,80.0,83.8
STU-0352,East Model,10,C,Male,15,86.4,0.5,Yes,Secondary,64.5,55.0,56.9,64.5,68.1
STU-0353,South Public,10,B,Male,15,73.9,1.3,Yes,Postgraduate,43.6,54.9,66.2,72.9,59.3
STU-0354,South Public,12,B,Female,17,85.1,2.5,No,Graduate,65.7,78.3,74.6,60.4,58.4
STU-0355,North Academy,9,C,Female,14,100.0,4.7,Yes,Secondary,97.1,76.7,98.4,61.8,86.9
STU-0356,East Model,12,B,Male,18,63.6,3.0,Yes,Graduate,71.9,58.7,55.9,58.0,74.0
STU-0357,West Senior,11,C,Female,16,89.1,3.9,No,Graduate,67.9,75.9,88.5,71.6,60.0
STU-0358,East Model,10,C,Male,16,100.0,2.1,No,Primary,63.6,76.4,74.0,82.1,75.0
STU-0359,West Senior,11,A,Female,16,68.2,1.3,Yes,Primary,39.4,37.9,70.9,55.6,60.4
STU-0360,West Senior,9,B,Female,15,83.2,1.8,No,Graduate,73.8,69.0,53.2,57.6,86.4
STU-0361,East Model,12,A,Male,17,94.9,1.9,No,Graduate,73.6,66.9,62.2,59.5,78.4
STU-0362,North Academy,12,A,Male,17,84.8,2.1,No,Secondary,68.9,84.1,69.5,57.2,54.3
STU-0363,East Model,11,C,Male,16,86.1,0.9,Yes,Postgraduate,49.1,58.2,63.3,64.4,53.9
STU-0364,West Senior,12,A,Male,17,86.3,3.8,Yes,Secondary,69.2,71.6,79.2,65.0,69.5
STU-0365,North Academy,10,C,Female,15,73.6,0.9,No,Graduate,35.3,42.7,58.5,60.3,61.7
STU-0366,East Model,12,A,Female,17,77.3,3.0,Yes,Graduate,68.0,73.5,67.8,54.4,100.0
STU-0367,North Academy,9,C,Female,14,76.0,1.9,Yes,Secondary,51.2,63.8,67.8,54.5,70.2
STU-0368,North Academy,10,B,Male,15,79.2,3.5,Yes,Secondary,67.3,71.8,72.0,58.9,64.6
STU-0369,North Academy,11,C,Female,17,74.4,3.2,Yes,Secondary,61.8,66.1,85.8,64.9,64.8
STU-0370,South Public,12,A,Male,17,85.9,4.5,Yes,Secondary,66.3,80.6,82.3,73.8,81.5
STU-0371,South Public,11,B,Male,16,87.4,1.4,No,Primary,73.2,73.3,72.8,48.8,78.1
STU-0372,East Model,10,B,Female,15,98.6,3.5,Yes,Secondary,72.2,61.9,88.9,92.6,76.3
STU-0373,North Academy,9,B,Male,14,81.9,1.0,Yes,Secondary,85.7,52.7,71.5,57.2,73.6
STU-0374,North Academy,9,A,Female,14,79.8,3.3,Yes,Postgraduate,57.5,55.0,83.7,79.1,83.4
STU-0375,West Senior,11,A,Female,16,93.2,1.5,Yes,Graduate,68.7,81.7,58.0,70.0,70.1
STU-0376,South Public,10,A,Female,15,79.4,1.6,Yes,Secondary,48.5,58.5,72.3,67.6,85.8
STU-0377,North Academy,12,C,Male,17,90.5,3.4,Yes,Primary,70.1,66.7,86.4,82.6,75.9
STU-0378,East Model,9,A,Female,14,88.1,1.9,Yes,Secondary,52.4,63.7,86.9,76.7,63.9
STU-0379,East Model,12,C,Female,18,81.0,3.6,Yes,Postgraduate,60.7,68.0,75.3,89.5,67.1
STU-0380,South Public,12,C,Female,18,81.4,3.3,No,Secondary,60.4,65.0,75.9,68.2,78.3
STU-0381,West Senior,11,A,Female,16,73.8,1.7,No,Secondary,43.7,49.3,55.9,44.5,62.4
STU-0382,North Academy,9,C,Male,15,88.1,2.6,Yes,Graduate,73.6,79.6,77.9,82.0,71.7
STU-0383,North Academy,9,A,Male,14,79.4,2.7,No,Secondary,75.4,70.3,72.7,50.0,52.9
STU-0384,North Academy,12,C,Male,17,80.9,2.8,Yes,Primary,62.1,59.9,59.5,64.8,86.7
STU-0385,South Public,11,C,Female,16,79.9,0.7,Yes,Graduate,51.4,41.2,74.2,51.1,62.9
STU-0386,West Senior,11,C,Male,17,91.4,2.1,No,Primary,52.0,68.4,73.0,71.9,65.3
STU-0387,North Academy,12,C,Female,17,70.8,2.4,No,Graduate,50.7,69.9,48.3,60.1,81.0
STU-0388,East Model,12,A,Female,17,81.6,1.9,Yes,Postgraduate,68.7,63.5,64.1,67.1,63.5
STU-0389,South Public,12,A,Male,17,92.6,1.5,No,Graduate,64.1,56.7,64.9,61.1,68.9
STU-0390,West Senior,12,B,Male,17,57.3,1.7,Yes,Secondary,43.2,29.8,57.9,35.4,65.4
STU-0391,North Academy,12,A,Male,17,76.4,3.4,Yes,Secondary,57.4,77.4,75.0,65.7,64.2
STU-0392,West Senior,10,A,Male,15,73.7,0.9,Yes,Secondary,68.3,53.6,71.9,69.4,63.1
STU-0393,South Public,9,A,Female,14,76.4,1.5,Yes,Graduate,72.6,53.0,64.5,56.5,74.2
STU-0394,East Model,9,A,Female,14,90.5,1.8,Yes,Secondary,68.6,85.7,72.5,74.3,59.2
STU-0395,South Public,9,B,Male,14,72.8,2.3,Yes,Secondary,46.5,55.7,71.8,68.6,79.3
STU-0396,East Model,10,B,Male,15,77.1,3.4,Yes,Graduate,47.5,82.3,69.7,70.0,75.8
STU-0397,North Academy,9,C,Female,15,76.8,0.7,Yes,Postgraduate,50.7,71.5,79.8,63.5,50.8
STU-0398,West Senior,9,B,Female,14,82.1,2.0,No,Secondary,67.8,69.6,57.4,66.9,88.2
STU-0399,East Model,11,B,Male,16,73.4,1.3,Yes,Secondary,57.7,56.9,55.8,77.0,62.0
STU-0400,East Model,9,B,Male,15,63.3,3.5,Yes,Secondary,67.2,71.1,79.9,65.8,73.5
STU-0401,North Academy,11,C,Female,16,83.8,4.8,No,Postgraduate,67.9,81.9,76.0,73.2,76.7
STU-0402,South Public,12,B,Female,17,75.3,1.6,Yes,Graduate,63.7,60.6,71.5,67.9,68.9
STU-0403,East Model,9,C,Female,15,91.9,2.3,Yes,Graduate,79.4,70.5,76.3,72.0,66.7
STU-0404,West Senior,12,B,Female,17,100.0,6.1,Yes,Secondary,85.2,80.2,93.0,100.0,100.0
STU-0405,East Model,11,A,Female,16,87.3,2.0,No,Secondary,49.3,63.0,60.1,55.6,72.1
STU-0406,West Senior,11,C,Male,16,77.8,1.2,Yes,Primary,66.7,72.9,67.3,75.7,65.8
STU-0407,West Senior,10,B,Female,15,62.8,2.5,Yes,Graduate,59.6,79.1,71.4,71.2,53.3
STU-0408,West Senior,10,C,Female,15,87.6,1.5,Yes,Graduate,58.3,52.2,74.0,62.8,56.4
STU-0409,East Model,11,A,Female,17,89.6,3.3,No,Graduate,94.7,76.0,71.0,58.8,67.1
STU-0410,North Academy,10,A,Male,15,92.6,1.9,No,Secondary,78.7,68.0,64.8,60.2,62.2
STU-0411,West Senior,12,A,Female,17,59.3,1.4,Yes,Graduate,41.7,39.5,48.8,70.4,60.3
STU-0412,East Model,9,C,Female,14,100.0,1.6,No,Graduate,69.9,36.1,76.2,85.9,63.2
STU-0413,West Senior,9,B,Female,15,78.7,4.4,No,Graduate,63.4,65.2,57.8,90.1,65.8
STU-0414,East Model,11,C,Male,16,96.7,5.0,Yes,Postgraduate,77.3,94.7,88.2,75.3,65.9
STU-0415,East Model,10,A,Female,15,94.8,2.3,Yes,Graduate,68.2,56.9,71.5,75.9,80.9
STU-0416,West Senior,11,C,Female,16,66.0,1.4,No,Postgraduate,51.3,64.1,48.5,63.0,66.8
STU-0417,West Senior,12,B,Female,17,65.3,3.6,Yes,Graduate,52.8,75.8,55.3,58.1,62.2
STU-0418,South Public,12,B,Female,17,72.1,0.8,Yes,Primary,45.4,55.0,49.4,43.6,52.3
STU-0419,East Model,11,B,Female,16,73.8,1.3,Yes,Graduate,80.3,67.3,46.6,41.7,70.9
STU-0420,North Academy,12,C,Male,18,87.4,0.5,Yes,Secondary,46.3,46.6,61.9,61.3,50.2
STU-0421,North Academy,11,C,Male,16,83.8,1.0,No,Secondary,50.1,45.1,47.3,71.3,52.0
STU-0422,North Academy,11,C,Female,16,77.5,4.0,Yes,Secondary,68.0,60.8,49.1,81.8,61.0
STU-0423,South Public,9,C,Female,14,78.5,1.2,Yes,Graduate,63.1,58.7,59.0,56.1,71.4
STU-0424,South Public,11,B,Female,16,91.7,1.4,Yes,Postgraduate,72.5,64.6,64.1,78.9,76.4
STU-0425,West Senior,12,B,Male,17,66.5,2.3,Yes,Graduate,62.5,74.2,62.7,62.9,55.8
STU-0426,South Public,12,B,Male,17,86.9,1.0,Yes,Primary,47.4,64.3,80.9,60.7,65.1
STU-0427,North Academy,9,C,Female,14,72.8,3.1,Yes,Postgraduate,74.3,40.5,65.7,45.6,64.4
STU-0428,South Public,11,B,Female,17,89.9,3.1,Yes,Graduate,80.4,73.0,77.1,81.8,76.2
STU-0429,West Senior,11,B,Male,16,92.7,0.9,Yes,Graduate,58.7,50.4,64.7,80.4,79.7
STU-0430,North Academy,9,A,Female,14,90.2,2.6,Yes,Graduate,57.7,52.2,86.7,60.0,68.5
STU-0431,East Model,11,A,Male,16,89.7,3.4,No,Graduate,84.1,75.9,81.0,53.1,73.4
STU-0432,East Model,9,C,Male,14,71.2,4.0,Yes,Postgraduate,74.6,81.4,63.0,85.8,75.3
STU-0433,South Public,11,B,Male,16,86.7,3.4,Yes,Secondary,65.0,73.3,66.9,64.8,97.3
STU-0434,North Academy,9,C,Female,14,69.2,1.2,No,Secondary,61.3,56.9,53.9,43.1,56.9
STU-0435,West Senior,9,A,Female,15,89.2,2.7,Yes,Primary,55.1,81.5,88.2,82.1,54.0
STU-0436,South Public,11,B,Female,16,70.4,4.6,Yes,Primary,70.6,73.5,64.3,60.9,70.4
STU-0437,South Public,12,A,Male,17,88.3,2.3,Yes,Graduate,77.9,48.2,88.4,60.0,56.9
STU-0438,West Senior,11,C,Male,16,65.9,1.2,Yes,Secondary,64.9,41.8,45.5,65.3,54.1
STU-0439,West Senior,12,A,Male,18,100.0,2.0,Yes,Secondary,77.7,74.4,85.3,67.3,60.5
STU-0440,South Public,11,A,Male,17,71.3,1.7,Yes,Graduate,57.8,54.3,55.3,80.7,54.8
STU-0441,East Model,9,A,Male,14,90.8,2.7,Yes,Primary,48.8,65.9,72.7,85.8,69.6
STU-0442,North Academy,11,A,Female,16,77.1,3.1,Yes,Secondary,72.2,62.5,68.2,65.0,76.8
STU-0443,South Public,9,C,Female,14,84.4,3.5,Yes,Graduate,80.8,75.1,90.5,68.5,79.5
STU-0444,East Model,10,A,Male,15,79.0,1.4,Yes,Secondary,48.5,56.8,54.4,62.4,59.5
STU-0445,North Academy,12,B,Female,17,84.4,0.8,No,Graduate,41.7,40.9,47.2,52.8,84.5
STU-0446,South Public,11,C,Female,16,88.3,1.6,Yes,Secondary,40.1,78.2,69.4,64.0,77.9
STU-0447,North Academy,9,A,Female,15,87.0,1.9,No,Secondary,53.3,52.4,60.4,71.3,53.4
STU-0448,South Public,11,A,Male,17,86.6,1.5,Yes,Graduate,61.4,72.4,74.1,75.6,81.6
STU-0449,West Senior,12,B,Female,17,67.8,3.4,Yes,Primary,55.1,57.2,86.0,61.6,58.7
STU-0450,South Public,9,B,Female,14,88.7,1.2,Yes,Primary,72.9,63.3,69.3,73.2,82.9
STU-0451,North Academy,12,A,Female,17,86.9,1.6,No,Secondary,57.7,64.0,58.6,64.0,61.3
STU-0452,North Academy,11,C,Female,17,77.7,2.6,Yes,Postgraduate,74.3,76.9,69.1,60.5,77.1
STU-0453,West Senior,10,B,Male,15,83.1,2.0,Yes,Graduate,61.0,64.1,66.9,62.6,78.9
STU-0454,East Model,10,A,Female,15,67.2,2.7,Yes,Secondary,51.8,68.0,57.7,52.1,84.5
STU-0455,North Academy,9,B,Female,14,80.6,1.2,No,Graduate,64.0,57.9,60.6,58.8,70.7
STU-0456,East Model,12,B,Female,17,70.1,6.1,Yes,Secondary,71.2,76.0,69.2,79.6,64.8
STU-0457,West Senior,11,C,Male,17,85.0,4.2,No,Graduate,57.8,69.0,67.3,66.1,73.5
STU-0458,South Public,12,A,Female,17,100.0,3.7,No,Postgraduate,69.8,67.8,58.6,87.0,71.1
STU-0459,South Public,9,A,Male,14,78.8,0.9,Yes,Primary,56.1,47.0,74.0,51.2,70.3
STU-0460,South Public,10,A,Female,15,96.7,4.4,Yes,Secondary,84.3,84.3,79.8,82.6,89.2
STU-0461,North Academy,9,A,Female,14,95.6,3.6,Yes,Secondary,93.4,79.5,52.1,77.7,65.6
STU-0462,North Academy,10,C,Female,15,76.9,1.2,No,Secondary,45.0,57.9,63.8,68.3,57.4
STU-0463,West Senior,9,A,Female,15,94.7,3.1,Yes,Postgraduate,85.8,79.4,81.3,63.7,61.5
STU-0464,East Model,11,B,Male,16,82.2,4.0,Yes,Graduate,69.8,68.4,70.8,72.6,75.2
STU-0465,North Academy,9,C,Female,14,71.1,0.3,Yes,Secondary,41.6,70.0,64.8,66.8,39.6
STU-0466,South Public,11,A,Male,16,93.8,2.4,Yes,Graduate,77.3,77.2,79.8,74.2,62.0
STU-0467,West Senior,9,C,Male,14,96.0,2.3,Yes,Graduate,65.7,76.2,68.6,80.3,66.3
STU-0468,South Public,11,B,Male,17,85.0,0.5,Yes,Secondary,57.8,59.5,54.2,74.4,74.5
STU-0469,South Public,9,C,Male,14,93.7,2.1,Yes,Postgraduate,80.7,61.8,55.9,70.6,67.4
STU-0470,North Academy,11,B,Female,16,89.5,0.6,Yes,Graduate,55.1,55.3,70.0,58.4,55.7
STU-0471,East Model,12,A,Male,18,86.1,1.2,No,Graduate,55.9,69.1,70.1,65.0,70.3
STU-0472,West Senior,12,A,Male,17,73.4,2.7,Yes,Graduate,65.5,63.3,57.3,63.5,41.4
STU-0473,South Public,10,B,Female,15,89.7,1.1,Yes,Graduate,73.0,78.5,70.8,82.5,86.4
STU-0474,North Academy,10,A,Male,15,77.3,0.5,Yes,Graduate,54.9,56.2,62.9,42.3,55.5
STU-0475,North Academy,12,B,Male,17,83.2,1.7,Yes,Primary,68.5,48.6,66.3,65.5,52.0
STU-0476,East Model,10,A,Female,16,97.4,2.0,Yes,Secondary,88.2,95.2,87.1,58.7,50.5
STU-0477,South Public,9,C,Male,14,69.0,1.4,Yes,Secondary,60.6,66.2,54.2,62.7,60.5
STU-0478,East Model,9,A,Male,14,62.7,3.5,Yes,Secondary,64.8,60.6,71.3,55.2,83.4
STU-0479,South Public,11,A,Male,16,76.5,1.0,Yes,Secondary,48.9,60.7,79.0,45.6,74.4
STU-0480,East Model,9,C,Female,14,66.1,1.5,Yes,Primary,53.3,55.1,61.6,63.0,63.1
STU-0481,West Senior,12,B,Female,17,71.5,5.3,No,Secondary,74.1,86.6,80.6,90.6,80.1
STU-0482,South Public,12,A,Male,17,100.0,0.5,Yes,Graduate,67.8,52.0,67.4,53.7,81.2
STU-0483,South Public,12,C,Male,17,96.7,2.7,No,Postgraduate,51.8,66.7,71.6,77.3,88.4
STU-0484,South Public,11,C,Male,16,84.3,2.5,Yes,Secondary,63.5,64.3,81.6,71.1,68.6
STU-0485,East Model,10,C,Female,16,86.0,1.8,Yes,Primary,51.3,75.8,59.3,60.0,75.0
STU-0486,South Public,12,A,Male,17,88.9,3.1,Yes,Secondary,62.0,64.4,63.7,67.3,61.9
STU-0487,West Senior,9,C,Female,14,79.5,2.0,Yes,Graduate,80.7,79.8,43.3,61.9,81.3
STU-0488,North Academy,10,B,Female,15,91.8,3.2,Yes,Graduate,76.8,70.0,91.2,100.0,89.5
STU-0489,West Senior,11,C,Female,16,100.0,2.7,No,Secondary,65.2,74.2,79.6,74.9,80.0
STU-0490,West Senior,11,B,Female,16,90.5,2.9,Yes,Secondary,73.6,66.4,81.8,62.6,86.1
STU-0491,East Model,10,B,Male,15,73.8,0.2,Yes,Secondary,63.0,48.1,86.8,59.8,57.3
STU-0492,East Model,12,A,Male,17,71.1,1.1,No,Primary,74.0,66.2,42.9,39.8,62.8
STU-0493,West Senior,10,C,Female,15,71.5,3.2,No,Graduate,52.8,82.2,76.3,68.8,59.3
STU-0494,North Academy,12,C,Female,17,91.9,0.3,Yes,Secondary,72.8,56.8,80.2,80.5,59.0
STU-0495,North Academy,9,C,Female,15,88.4,2.1,Yes,Primary,71.2,72.8,81.9,62.5,71.5
STU-0496,South Public,9,C,Female,14,80.8,0.9,Yes,Graduate,59.7,47.9,51.3,79.1,59.3
STU-0497,South Public,9,A,Female,15,58.8,3.9,Yes,Postgraduate,79.6,53.7,52.6,66.2,66.0
STU-0498,West Senior,11,B,Male,17,86.5,2.6,Yes,Postgraduate,64.0,70.5,69.2,66.6,67.9
STU-0499,East Model,12,C,Male,17,85.7,3.2,Yes,Graduate,43.9,75.9,70.4,61.7,86.5
STU-0500,West Senior,11,C,Female,17,81.7,2.4,Yes,Primary,65.1,61.3,79.6,66.7,89.3
STU-0501,West Senior,11,C,Male,17,81.8,1.7,No,Graduate,55.1,34.2,80.5,73.3,84.9
STU-0502,South Public,10,A,Male,16,77.4,0.4,Yes,Secondary,48.3,47.8,63.6,55.9,54.8
STU-0503,East Model,12,B,Female,17,100.0,3.3,Yes,Secondary,76.0,74.1,71.9,100.0,81.8
STU-0504,South Public,12,C,Male,18,81.5,0.9,No,Secondary,49.3,57.8,70.6,56.7,66.0
STU-0505,West Senior,11,A,Male,16,100.0,0.4,Yes,Graduate,61.1,64.9,70.3,65.0,73.8
STU-0506,South Public,9,B,Male,14,100.0,1.9,Yes,Secondary,41.1,75.1,66.6,79.7,69.7
STU-0507,South Public,12,B,Female,17,59.1,4.5,Yes,Graduate,58.2,78.6,61.6,53.5,66.4
STU-0508,East Model,10,C,Male,15,74.1,0.6,No,Graduate,55.8,61.9,56.8,41.2,56.7
STU-0509,West Senior,11,C,Female,16,74.9,1.4,Yes,Postgraduate,54.2,77.8,49.6,58.8,63.7
STU-0510,North Academy,12,B,Male,17,91.5,2.8,Yes,Secondary,56.6,78.0,76.6,83.9,62.8
STU-0511,South Public,11,C,Male,16,65.0,0.5,Yes,Graduate,41.6,36.3,34.5,39.4,44.2
STU-0512,West Senior,11,A,Male,17,76.7,1.1,Yes,Postgraduate,70.4,59.0,79.1,63.1,76.7
STU-0513,East Model,10,B,Female,15,98.4,2.9,Yes,Secondary,67.5,78.3,82.3,90.1,88.8
STU-0514,West Senior,11,C,Female,17,86.9,1.2,Yes,Secondary,60.6,50.5,69.6,87.1,59.6
STU-0515,West Senior,11,C,Male,17,87.1,0.7,Yes,Graduate,53.0,73.0,56.0,73.6,66.0
STU-0516,East Model,9,A,Female,14,86.0,1.7,No,Postgraduate,57.5,70.4,62.6,65.4,63.8
STU-0517,West Senior,10,B,Female,15,58.8,1.7,Yes,Secondary,46.7,56.5,53.4,61.3,71.3
STU-0518,West Senior,9,A,Female,15,89.2,4.6,Yes,Secondary,75.4,84.4,96.3,96.8,94.4
STU-0519,South Public,10,C,Male,15,66.0,1.6,Yes,Postgraduate,50.5,68.6,39.7,47.8,79.9
STU-0520,South Public,11,A,Female,16,97.9,5.4,Yes,Secondary,88.0,62.7,86.0,74.0,80.9
STU-0521,West Senior,9,C,Male,14,67.6,4.6,Yes,Graduate,77.0,70.4,63.5,88.0,91.8
STU-0522,West Senior,12,A,Female,17,74.6,3.1,No,Graduate,57.0,66.4,67.4,63.9,67.0
STU-0523,West Senior,10,A,Male,16,66.2,1.6,Yes,Graduate,63.1,57.1,66.1,59.3,51.2
STU-0524,North Academy,10,A,Male,16,75.6,1.2,Yes,Secondary,76.5,66.5,80.4,65.5,72.2
STU-0525,North Academy,12,C,Male,17,72.3,0.8,Yes,Secondary,62.4,64.3,54.5,58.0,59.4
STU-0526,South Public,11,A,Male,17,88.5,0.3,Yes,Primary,65.6,66.8,65.0,52.6,63.5
STU-0527,East Model,10,B,Female,15,86.2,2.7,Yes,Secondary,71.6,60.2,66.1,81.1,54.3
STU-0528,West Senior,12,A,Male,18,85.9,1.7,Yes,Secondary,60.1,73.5,53.1,54.1,62.2
STU-0529,North Academy,10,A,Male,15,84.7,1.4,Yes,Secondary,46.1,60.6,76.9,74.6,79.2
STU-0530,East Model,11,B,Female,17,77.7,3.5,Yes,Graduate,57.6,63.4,77.8,69.5,72.9
STU-0531,West Senior,11,B,Male,16,87.9,3.2,Yes,Graduate,66.2,58.8,74.4,61.2,87.2
STU-0532,East Model,10,B,Female,15,76.9,1.8,Yes,Graduate,60.5,63.0,69.6,52.1,54.7
STU-0533,South Public,10,A,Female,15,69.7,1.2,No,Postgraduate,41.1,65.0,63.6,65.7,41.7
STU-0534,South Public,10,C,Female,15,86.4,0.8,Yes,Graduate,42.5,76.1,66.1,61.0,72.5
STU-0535,South Public,12,C,Male,17,72.0,5.3,Yes,Graduate,75.5,58.2,67.8,66.1,72.7
STU-0536,North Academy,11,B,Male,17,80.9,0.6,No,Secondary,65.1,72.4,64.6,41.1,60.4
STU-0537,East Model,9,B,Male,14,83.8,1.4,Yes,Graduate,61.3,65.5,79.4,61.9,75.0
STU-0538,East Model,11,A,Female,16,73.3,0.7,No,Graduate,29.7,47.3,69.9,58.6,63.8
STU-0539,North Academy,10,A,Male,15,82.7,3.8,Yes,Secondary,66.8,57.3,77.4,69.5,80.0
STU-0540,South Public,10,A,Male,15,68.9,1.0,Yes,Primary,83.9,60.0,59.6,59.0,55.7
STU-0541,East Model,9,B,Male,15,91.2,2.9,Yes,Graduate,63.8,83.4,87.9,65.0,71.2
STU-0542,West Senior,10,B,Male,15,70.9,2.7,Yes,Secondary,60.8,69.0,72.5,41.6,84.8
STU-0543,North Academy,12,B,Female,17,83.6,1.6,Yes,Graduate,68.2,56.0,68.3,72.2,72.7
STU-0544,North Academy,9,B,Female,14,81.1,1.5,Yes,Secondary,58.2,76.5,62.1,76.7,77.2
STU-0545,East Model,10,C,Female,16,81.8,1.0,Yes,Graduate,76.8,56.6,67.4,70.9,71.1
STU-0546,East Model,12,A,Male,17,86.2,0.7,No,Graduate,45.4,56.9,58.2,58.6,50.4
STU-0547,South Public,12,C,Male,17,64.8,5.4,Yes,Secondary,84.0,67.2,72.3,68.6,62.7
STU-0548,East Model,11,A,Female,17,79.9,1.5,Yes,Secondary,54.3,56.4,69.3,46.7,74.2
STU-0549,East Model,9,C,Female,14,85.5,1.1,No,Secondary,62.3,60.7,63.9,66.6,68.9
STU-0550,East Model,12,A,Female,17,74.5,1.8,Yes,Graduate,39.6,64.1,65.3,53.6,80.8
STU-0551,West Senior,9,A,Male,14,73.1,2.4,Yes,Graduate,55.2,80.5,63.7,65.2,59.7
STU-0552,North Academy,9,B,Male,14,89.9,2.7,Yes,Graduate,64.1,78.3,73.4,73.3,88.9
STU-0553,South Public,9,C,Male,15,93.2,2.0,Yes,Secondary,62.0,94.5,71.4,83.9,62.1
STU-0554,West Senior,11,A,Male,16,97.1,2.7,Yes,Postgraduate,54.8,82.2,68.3,70.1,84.5
STU-0555,North Academy,12,A,Male,17,88.5,2.4,Yes,Graduate,63.3,49.5,78.7,59.2,74.3
STU-0556,East Model,12,A,Female,17,67.1,2.6,Yes,Graduate,51.6,56.1,73.5,71.7,57.4
STU-0557,North Academy,11,A,Male,16,89.9,2.3,Yes,Secondary,71.4,58.4,73.5,69.4,85.8
STU-0558,West Senior,9,C,Female,14,85.0,2.2,Yes,Postgraduate,54.3,62.7,67.8,85.4,77.0
STU-0559,North Academy,10,C,Female,16,93.4,1.1,No,Secondary,59.8,77.2,65.5,63.2,76.5
STU-0560,North Academy,12,A,Female,17,87.6,1.4,Yes,Graduate,31.6,62.4,58.4,60.0,41.6
STU-0561,North Academy,9,C,Female,14,91.9,0.7,Yes,Secondary,61.4,63.2,64.9,59.6,70.1
STU-0562,West Senior,11,A,Female,16,84.8,2.9,Yes,Primary,68.9,62.5,66.1,81.6,65.0
STU-0563,South Public,11,A,Female,16,63.8,1.2,No,Primary,55.6,75.4,58.6,65.4,52.4
STU-0564,North Academy,9,B,Female,14,66.8,1.4,Yes,Secondary,52.2,48.0,61.6,69.1,83.1
STU-0565,West Senior,9,A,Male,14,66.9,1.5,Yes,Graduate,61.7,60.3,66.8,65.2,62.9
STU-0566,West Senior,9,A,Female,14,45.0,2.1,Yes,Graduate,49.8,45.9,50.4,53.8,59.5
STU-0567,West Senior,9,B,Female,14,73.0,3.2,Yes,Secondary,55.3,57.6,79.6,57.3,68.9
STU-0568,South Public,11,A,Male,16,84.0,1.3,No,Secondary,56.7,52.4,91.8,75.6,59.3
STU-0569,North Academy,9,C,Female,14,78.7,5.2,Yes,Secondary,87.0,85.4,86.3,83.6,73.8
STU-0570,South Public,10,B,Female,15,69.1,1.9,Yes,Graduate,63.8,63.8,37.3,56.4,51.4
STU-0571,East Model,12,A,Female,17,83.4,4.1,Yes,Primary,72.1,77.0,56.6,83.3,80.9
STU-0572,East Model,9,A,Female,14,78.3,2.8,No,Secondary,56.3,48.6,72.7,65.2,73.9
STU-0573,West Senior,11,B,Male,16,86.8,2.3,Yes,Graduate,78.6,60.9,77.8,58.7,72.3
STU-0574,South Public,12,A,Female,17,84.2,1.9,No,Secondary,71.5,41.1,60.5,63.8,78.4
STU-0575,North Academy,12,B,Male,18,73.0,7.0,No,Graduate,83.3,82.1,100.0,67.4,85.8
STU-0576,East Model,10,A,Male,15,94.3,1.4,Yes,Graduate,67.9,72.7,74.6,80.1,68.4
STU-0577,East Model,12,A,Male,18,78.1,4.6,Yes,Graduate,70.1,69.9,75.2,75.3,68.2
STU-0578,East Model,9,C,Male,14,74.1,1.5,Yes,Secondary,41.0,66.8,74.2,63.9,72.2
STU-0579,East Model,12,B,Female,18,85.2,3.7,Yes,Primary,58.0,73.1,77.9,96.1,79.6
STU-0580,West Senior,10,B,Female,15,80.5,0.3,Yes,Graduate,65.4,54.6,53.3,38.7,40.1
STU-0581,North Academy,9,C,Female,14,71.6,1.6,Yes,Secondary,64.4,55.5,67.5,73.5,58.9
STU-0582,West Senior,10,B,Female,15,73.9,2.4,Yes,Graduate,67.7,41.6,67.0,55.7,76.3
STU-0583,East Model,12,A,Female,18,81.0,5.2,Yes,Graduate,50.8,76.7,65.6,80.9,82.0
STU-0584,East Model,12,B,Male,17,72.4,1.9,Yes,Graduate,41.3,59.7,59.8,53.4,53.5
STU-0585,East Model,11,A,Female,16,84.5,1.8,Yes,Graduate,61.8,63.3,72.5,70.8,55.6
STU-0586,North Academy,10,A,Female,15,72.8,1.5,Yes,Graduate,53.2,65.9,43.6,58.4,54.3
STU-0587,West Senior,12,B,Female,17,60.7,1.4,No,Graduate,31.0,65.4,38.1,44.9,43.2
STU-0588,East Model,11,B,Male,16,82.2,2.1,Yes,Graduate,72.8,76.8,64.0,55.8,74.7
STU-0589,South Public,11,B,Male,16,98.2,3.4,No,Graduate,54.8,82.3,67.1,72.9,71.3
STU-0590,West Senior,11,A,Male,17,80.7,3.2,Yes,Graduate,84.8,68.5,74.6,86.6,88.0
STU-0591,North Academy,9,B,Female,14,47.0,1.8,No,Graduate,63.2,57.0,56.3,54.3,38.9
STU-0592,East Model,9,A,Female,14,99.9,2.2,Yes,Secondary,65.7,65.1,56.9,71.4,87.7
STU-0593,South Public,11,A,Male,16,86.9,6.1,Yes,Secondary,72.2,100.0,88.5,94.9,88.8
STU-0594,North Academy,9,C,Female,15,74.2,1.9,Yes,Graduate,62.5,61.1,70.0,56.5,56.1
STU-0595,West Senior,11,B,Female,16,87.2,1.8,Yes,Secondary,68.0,74.9,70.3,60.7,64.4
STU-0596,East Model,10,B,Male,15,81.9,2.1,Yes,Primary,62.3,61.0,82.3,62.4,68.2
STU-0597,West Senior,11,A,Female,16,82.6,2.8,Yes,Graduate,81.5,59.7,76.8,78.3,79.8
STU-0598,South Public,11,B,Female,16,68.4,2.5,Yes,Graduate,63.0,43.2,55.2,54.1,78.3
STU-0599,South Public,11,B,Male,16,73.4,0.7,Yes,Secondary,58.8,57.5,58.3,58.5,66.0
STU-0600,East Model,10,A,Male,15,96.6,2.4,Yes,Graduate,73.9,62.2,83.1,86.7,95.3
STU-0601,North Academy,11,A,Male,17,80.4,2.4,Yes,Primary,62.6,77.8,63.4,72.7,69.7
STU-0602,North Academy,12,A,Male,18,85.7,3.6,Yes,Graduate,67.3,71.1,67.7,72.5,78.4
STU-0603,West Senior,11,A,Female,16,86.7,1.9,Yes,Secondary,52.7,67.0,61.3,46.1,72.7
STU-0604,North Academy,10,A,Male,15,96.5,3.0,Yes,Secondary,57.9,74.2,84.1,79.4,88.8
STU-0605,East Model,9,A,Female,14,73.8,2.5,No,Graduate,67.2,73.8,63.5,70.2,50.3
STU-0606,East Model,12,A,Female,18,67.9,1.3,Yes,Primary,48.6,53.6,68.6,49.6,57.4
STU-0607,East Model,11,A,Male,16,85.5,1.4,Yes,Secondary,54.6,64.0,77.6,74.1,79.9
STU-0608,East Model,12,A,Female,18,88.3,3.0,Yes,Secondary,74.2,83.1,73.0,92.8,65.9
STU-0609,North Academy,10,C,Female,15,84.7,1.7,Yes,Secondary,72.0,83.7,60.1,52.4,57.7
STU-0610,East Model,9,C,Female,14,76.6,3.4,Yes,Primary,59.2,67.5,80.9,79.2,79.2
STU-0611,West Senior,9,C,Female,14,85.2,1.7,Yes,Primary,66.7,76.3,73.8,55.9,54.8
STU-0612,West Senior,12,C,Male,17,66.3,5.5,Yes,Postgraduate,76.2,68.8,80.6,59.5,73.5
STU-0613,South Public,12,B,Female,18,61.2,1.2,No,Secondary,27.6,41.5,64.6,34.1,47.5
STU-0614,South Public,9,C,Male,14,83.0,2.6,Yes,Secondary,77.6,56.8,73.9,63.1,80.3
STU-0615,North Academy,12,B,Female,18,100.0,2.0,Yes,Secondary,58.5,61.6,77.8,75.8,87.0
STU-0616,North Academy,10,C,Female,15,73.5,0.6,Yes,Primary,53.2,63.0,59.5,68.6,56.3
STU-0617,East Model,10,B,Male,15,89.8,0.6,Yes,Graduate,53.1,69.6,60.7,60.0,58.0
STU-0618,West Senior,12,C,Male,18,69.8,5.4,No,Secondary,64.2,61.8,57.1,82.3,70.9
STU-0619,East Model,11,A,Male,17,89.3,6.7,Yes,Secondary,98.2,73.3,78.5,80.7,88.5
STU-0620,South Public,11,C,Female,16,84.8,6.6,Yes,Graduate,91.7,89.3,82.2,91.2,91.7
STU-0621,West Senior,10,B,Male,16,58.1,0.5,No,Postgraduate,57.6,35.2,61.4,38.3,56.9
STU-0622,East Model,9,B,Male,14,64.0,3.4,Yes,Secondary,58.6,52.5,70.2,73.0,67.8
STU-0623,South Public,11,B,Male,16,79.4,0.9,Yes,Secondary,67.3,67.0,68.4,42.2,52.9
STU-0624,East Model,10,A,Female,15,86.4,2.5,Yes,Secondary,72.0,66.1,79.2,61.5,83.4
STU-0625,East Model,10,B,Male,15,79.4,3.2,Yes,Primary,52.1,77.1,79.7,53.4,74.9
STU-0626,North Academy,12,B,Female,17,72.8,0.9,Yes,Postgraduate,41.9,54.9,60.3,57.8,55.8
STU-0627,South Public,11,C,Female,17,78.0,1.4,Yes,Graduate,56.8,73.9,59.2,59.9,65.2
STU-0628,West Senior,9,A,Female,14,74.6,2.4,No,Postgraduate,55.9,77.5,54.6,79.1,47.7
STU-0629,East Model,12,A,Male,18,91.0,2.2,No,Graduate,75.9,64.1,76.5,93.2,85.7
STU-0630,East Model,10,B,Female,15,85.5,2.9,Yes,Secondary,72.1,66.2,71.9,78.2,89.4
STU-0631,South Public,9,C,Female,14,86.4,2.3,Yes,Secondary,60.4,72.7,88.7,77.6,82.0
STU-0632,North Academy,12,A,Male,17,74.4,1.5,No,Graduate,48.9,55.2,56.0,55.4,75.4
STU-0633,South Public,10,B,Male,16,82.0,2.9,Yes,Postgraduate,84.3,68.6,73.7,63.7,74.1
STU-0634,West Senior,12,A,Male,17,90.3,3.5,No,Postgraduate,69.0,63.2,79.6,59.3,69.6
STU-0635,East Model,12,C,Male,17,77.4,2.3,Yes,Graduate,60.2,53.4,64.3,65.9,68.1
STU-0636,West Senior,9,C,Male,14,81.2,1.1,No,Primary,54.5,74.6,51.4,39.2,60.0
STU-0637,South Public,9,B,Male,14,87.4,1.8,Yes,Secondary,77.3,56.0,75.3,81.9,83.0
STU-0638,South Public,9,A,Female,14,87.3,3.0,Yes,Primary,60.3,60.8,79.6,73.2,65.6
STU-0639,West Senior,10,A,Male,15,87.7,1.8,No,Primary,64.8,76.5,75.0,57.8,88.5
STU-0640,East Model,12,B,Female,18,56.5,1.4,No,Secondary,52.9,33.2,58.5,50.2,53.5
STU-0641,West Senior,9,A,Female,15,80.9,2.5,No,Secondary,74.7,57.0,80.5,51.0,75.2
STU-0642,East Model,10,A,Female,16,72.1,1.1,Yes,Graduate,68.0,55.7,64.5,60.4,62.6
STU-0643,West Senior,11,A,Female,16,73.9,1.1,Yes,Postgraduate,49.5,52.4,64.3,65.4,59.1
STU-0644,East Model,10,B,Male,15,62.4,2.9,Yes,Postgraduate,33.9,61.8,75.0,75.6,62.2
STU-0645,East Model,10,A,Male,15,81.1,1.6,Yes,Postgraduate,85.7,72.6,74.1,57.3,66.0
STU-0646,South Public,12,C,Female,17,68.9,2.2,Yes,Secondary,51.0,46.9,76.4,67.9,58.0
STU-0647,East Model,9,B,Female,14,81.1,2.1,No,Graduate,59.7,61.0,72.4,85.4,84.4
STU-0648,South Public,11,A,Male,16,72.8,7.0,No,Secondary,97.4,76.0,70.6,52.8,82.9
STU-0649,South Public,11,A,Female,17,91.2,5.4,Yes,Postgraduate,100.0,84.6,67.1,57.9,84.4
STU-0650,West Senior,11,B,Female,17,87.8,1.8,Yes,Secondary,54.2,49.1,64.2,82.9,71.0
STU-0651,North Academy,9,B,Male,14,73.7,0.4,Yes,Graduate,61.9,49.2,40.2,54.1,59.8
STU-0652,West Senior,11,A,Female,16,80.0,1.4,No,Graduate,42.3,49.7,67.1,69.1,50.0
STU-0653,West Senior,12,B,Male,18,94.5,1.0,No,Postgraduate,62.6,56.0,68.4,51.0,44.4
STU-0654,South Public,10,C,Female,15,83.1,2.5,No,Secondary,68.8,63.1,79.1,62.8,57.8
STU-0655,South Public,10,A,Male,16,72.1,2.3,Yes,Graduate,45.4,48.5,62.4,68.0,80.4
STU-0656,North Academy,11,C,Male,16,100.0,1.9,Yes,Primary,72.5,73.9,66.9,66.4,87.7
STU-0657,North Academy,10,B,Male,16,78.3,0.8,Yes,Secondary,32.9,53.7,50.3,73.0,68.1
STU-0658,West Senior,10,B,Male,15,71.3,0.7,No,Postgraduate,40.4,58.5,61.7,42.9,63.5
STU-0659,East Model,11,C,Female,17,78.8,1.3,Yes,Postgraduate,64.4,52.1,56.7,62.7,66.0
STU-0660,South Public,9,C,Female,14,86.9,1.6,Yes,Postgraduate,46.0,89.8,68.8,58.4,77.3
STU-0661,West Senior,10,B,Male,15,75.5,4.9,Yes,Graduate,66.9,71.9,74.1,92.6,91.0
STU-0662,West Senior,10,C,Female,15,65.6,2.0,Yes,Primary,48.4,65.4,79.1,60.7,83.1
STU-0663,West Senior,9,A,Male,15,87.3,1.7,Yes,Postgraduate,79.9,56.5,93.4,62.2,67.7
STU-0664,West Senior,9,C,Female,14,85.4,1.4,Yes,Primary,65.4,67.2,71.0,68.0,81.4
STU-0665,South Public,12,A,Male,17,77.8,3.7,Yes,Graduate,59.2,66.9,86.4,67.2,81.2
STU-0666,North Academy,11,C,Female,16,82.3,5.3,No,Primary,72.1,69.4,79.6,54.3,70.8
STU-0667,East Model,12,B,Male,17,82.8,3.0,Yes,Postgraduate,75.3,67.3,72.8,78.0,59.5
STU-0668,North Academy,10,C,Male,15,80.9,3.9,Yes,Graduate,76.9,68.3,74.6,80.3,74.6
STU-0669,East Model,12,A,Male,17,98.2,1.4,No,Primary,54.3,62.6,68.0,74.4,58.9
STU-0670,North Academy,9,C,Male,15,69.4,4.1,Yes,Secondary,74.3,67.6,76.9,65.0,56.4
STU-0671,North Academy,11,C,Female,16,71.9,2.4,No,Graduate,56.0,53.4,60.6,60.2,60.3
STU-0672,East Model,12,B,Female,18,92.1,1.2,Yes,Secondary,74.3,60.3,58.4,63.0,75.9
STU-0673,South Public,10,B,Female,16,74.2,1.3,Yes,Primary,59.5,47.2,67.0,52.4,68.2
STU-0674,North Academy,10,A,Male,15,73.0,2.1,No,Postgraduate,51.4,39.5,65.4,75.9,62.2
STU-0675,West Senior,10,C,Male,15,72.7,3.1,Yes,Secondary,62.3,68.6,66.3,64.5,61.7
STU-0676,North Academy,12,B,Male,17,74.2,6.8,No,Graduate,66.2,77.2,77.7,73.1,86.5
STU-0677,North Academy,11,C,Male,17,72.2,3.8,No,Graduate,63.3,72.0,69.1,52.2,66.3
STU-0678,West Senior,9,A,Male,15,82.8,1.0,Yes,Postgraduate,60.6,66.1,70.3,75.3,67.6
STU-0679,East Model,11,A,Female,16,78.8,0.9,Yes,Graduate,71.6,53.1,64.5,56.1,40.2
STU-0680,East Model,11,B,Female,16,81.7,0.2,Yes,Secondary,56.2,73.4,50.2,61.9,72.9
STU-0681,North Academy,9,C,Male,14,78.8,1.7,Yes,Secondary,66.7,71.0,52.1,77.2,65.0
STU-0682,West Senior,11,C,Male,17,79.5,4.7,No,Postgraduate,67.8,80.5,69.7,75.2,64.1
STU-0683,West Senior,10,A,Male,15,100.0,1.1,Yes,Secondary,63.4,74.1,65.3,60.5,60.9
STU-0684,North Academy,11,A,Female,16,93.7,2.3,Yes,Postgraduate,72.6,67.0,69.9,83.7,85.1
STU-0685,South Public,10,C,Male,15,78.7,1.4,Yes,Secondary,50.8,69.9,70.1,54.7,70.5
STU-0686,South Public,11,A,Male,17,83.0,0.4,Yes,Primary,60.0,76.2,51.0,56.5,48.7
STU-0687,South Public,9,B,Male,14,82.0,2.1,Yes,Graduate,51.2,71.5,63.4,67.0,64.2
STU-0688,North Academy,12,B,Female,17,77.5,2.4,Yes,Secondary,65.0,52.9,66.7,79.6,58.1
STU-0689,East Model,12,A,Male,17,74.9,6.3,Yes,Graduate,50.6,88.8,93.4,87.5,92.7
STU-0690,West Senior,12,A,Male,17,89.7,2.3,No,Primary,63.7,56.2,87.3,64.2,70.5
STU-0691,East Model,12,B,Female,18,58.0,4.0,No,Secondary,60.5,69.1,77.5,58.1,59.9
STU-0692,East Model,11,A,Male,16,88.4,7.0,Yes,Primary,69.7,91.0,86.6,96.2,92.8
STU-0693,East Model,10,A,Male,15,70.0,3.2,Yes,Secondary,75.3,50.4,71.5,61.6,72.4
STU-0694,West Senior,12,B,Female,17,90.6,0.7,Yes,Primary,75.0,56.9,73.1,60.2,76.7
STU-0695,East Model,12,A,Female,17,83.2,2.1,No,Secondary,50.6,66.3,64.0,71.3,59.1
STU-0696,North Academy,12,B,Female,17,82.5,2.8,Yes,Secondary,63.3,66.7,74.3,69.5,69.4
STU-0697,North Academy,11,C,Female,16,76.9,2.1,Yes,Graduate,56.9,66.3,63.7,72.2,68.2
STU-0698,North Academy,10,C,Male,15,66.6,1.6,Yes,Graduate,59.0,66.4,47.9,66.7,59.6
STU-0699,South Public,9,B,Female,14,81.8,1.8,Yes,Secondary,56.0,53.6,53.3,57.4,82.7
STU-0700,East Model,10,C,Female,16,76.8,1.7,Yes,Postgraduate,79.2,57.9,72.9,54.7,67.2
STU-0701,South Public,11,A,Female,16,90.3,0.6,No,Secondary,55.8,50.9,38.1,49.5,54.6
STU-0702,East Model,11,B,Female,17,92.4,3.7,No,Secondary,64.9,80.4,76.0,75.2,84.3
STU-0703,South Public,10,C,Male,15,90.9,1.4,Yes,Secondary,63.1,59.5,68.9,55.4,56.3
STU-0704,West Senior,12,B,Female,17,73.0,2.9,Yes,Secondary,53.9,59.5,76.5,81.6,61.0
STU-0705,West Senior,11,C,Female,17,70.4,2.8,Yes,Graduate,65.8,57.6,66.9,75.6,61.7
STU-0706,North Academy,9,A,Female,14,86.8,3.0,Yes,Secondary,81.7,60.1,88.2,59.4,68.4
STU-0707,West Senior,11,B,Male,16,76.4,4.8,No,Graduate,63.7,56.7,96.1,80.2,58.4
STU-0708,South Public,9,A,Female,14,73.7,0.5,Yes,Primary,48.2,42.5,47.9,49.8,48.2
STU-0709,West Senior,9,A,Female,14,89.5,1.0,No,Secondary,61.7,83.0,71.5,80.5,75.2
STU-0710,East Model,11,B,Male,16,88.6,3.3,Yes,Graduate,46.4,66.3,92.3,72.0,100.0
STU-0711,East Model,10,A,Female,15,85.7,1.7,Yes,Secondary,71.2,61.8,61.2,67.4,70.5
STU-0712,South Public,10,C,Male,15,88.3,4.2,Yes,Primary,86.4,77.6,,79.5,86.5
STU-0713,South Public,11,A,Female,16,79.5,1.4,Yes,Secondary,68.6,50.8,71.7,70.0,61.3
STU-0714,South Public,10,A,Male,15,88.5,1.1,No,Graduate,52.2,56.1,66.8,59.5,64.3
STU-0715,South Public,10,A,Male,15,96.2,4.0,No,Secondary,72.5,64.3,94.5,73.6,69.8
STU-0716,North Academy,10,B,Female,15,55.2,1.8,Yes,Secondary,46.0,48.6,68.1,57.1,46.9
STU-0717,South Public,10,B,Male,15,92.4,1.2,Yes,Graduate,59.0,54.1,68.9,82.0,85.8
STU-0718,East Model,12,A,Male,17,91.7,3.2,No,Secondary,50.9,65.5,70.6,76.7,64.8
STU-0719,North Academy,11,B,Male,16,98.9,1.8,Yes,Graduate,71.0,77.8,80.0,79.6,76.0
STU-0720,North Academy,10,C,Male,15,92.3,2.0,Yes,Primary,52.6,75.3,67.4,70.9,56.3
STU-0721,South Public,12,C,Male,17,79.7,4.3,No,Graduate,76.8,80.1,84.3,65.2,81.9
STU-0722,West Senior,12,A,Male,18,83.6,2.7,Yes,Graduate,61.3,62.9,66.5,53.3,62.2
STU-0723,East Model,10,B,Female,16,84.0,2.9,Yes,Secondary,72.4,63.6,68.3,79.6,61.8
STU-0724,East Model,10,A,Male,15,100.0,1.3,Yes,Secondary,55.7,63.7,74.1,68.3,66.8
STU-0725,West Senior,11,A,Female,16,77.3,0.6,Yes,Graduate,44.8,47.6,63.8,61.5,60.7
STU-0726,South Public,9,A,Male,14,73.5,1.3,Yes,Graduate,39.4,49.7,68.6,59.0,48.7
STU-0727,South Public,11,B,Male,16,81.3,0.2,Yes,Postgraduate,68.7,54.3,54.2,73.7,46.1
STU-0728,South Public,12,B,Female,18,78.0,2.5,Yes,Secondary,53.3,63.2,60.7,77.3,57.0
STU-0729,North Academy,12,C,Female,18,68.7,2.6,Yes,Primary,45.4,56.4,74.1,62.2,77.7
STU-0730,North Academy,12,C,Female,18,57.6,0.9,Yes,Secondary,44.6,38.9,53.1,55.0,65.7
STU-0731,South Public,11,B,Male,17,61.7,1.7,No,Secondary,63.9,48.1,61.5,47.2,62.1
STU-0732,North Academy,12,C,Female,17,88.2,1.0,Yes,Graduate,64.8,59.9,58.4,59.0,68.7
STU-0733,West Senior,11,C,Female,16,96.7,2.0,Yes,Postgraduate,90.9,51.8,83.4,82.2,76.4
STU-0734,North Academy,9,B,Male,14,81.0,3.0,Yes,Secondary,62.4,62.7,79.1,73.5,68.2
STU-0735,North Academy,9,B,Female,14,82.5,1.8,No,Primary,63.4,71.1,55.9,73.9,66.1
STU-0736,South Public,9,A,Female,14,70.7,1.7,No,Graduate,55.9,54.8,63.3,73.5,61.9
STU-0737,North Academy,9,C,Female,15,85.7,1.9,No,Graduate,67.1,55.4,68.6,45.6,81.4
STU-0738,East Model,9,B,Female,14,82.8,0.9,Yes,Graduate,52.7,73.0,65.0,67.2,65.4
STU-0739,West Senior,11,C,Female,17,62.4,1.3,Yes,Graduate,49.8,42.1,73.2,36.0,57.4
STU-0740,North Academy,10,B,Female,16,81.9,1.1,Yes,Graduate,51.4,77.3,73.6,82.7,78.0
STU-0741,North Academy,9,A,Female,14,65.8,2.4,Yes,Primary,30.1,61.0,64.5,59.2,52.0
STU-0742,East Model,11,B,Male,16,82.8,1.7,Yes,Graduate,64.5,60.1,64.9,55.5,70.2
STU-0743,South Public,12,A,Female,17,89.8,2.3,No,Secondary,68.2,68.2,67.7,80.5,72.1
STU-0744,South Public,12,A,Female,17,91.7,2.7,No,Secondary,59.9,58.1,74.1,66.7,63.7
STU-0745,North Academy,12,C,Female,17,77.0,1.8,Yes,Graduate,61.3,60.5,48.4,82.9,68.7
STU-0746,West Senior,10,A,Female,15,83.6,2.6,Yes,Graduate,75.9,56.4,62.8,66.3,51.4
STU-0747,East Model,9,B,Female,14,89.0,2.9,Yes,Postgraduate,65.2,71.6,82.7,63.1,92.1
STU-0748,South Public,10,C,Male,15,97.0,3.5,Yes,Graduate,75.3,100.0,79.0,66.1,74.0
STU-0749,North Academy,9,B,Female,14,73.6,3.1,No,Secondary,75.4,57.7,91.6,70.6,71.4
STU-0750,West Senior,10,C,Male,15,76.0,0.2,Yes,Secondary,61.5,49.3,62.2,52.4,78.6
STU-0751,North Academy,9,A,Female,14,76.3,1.4,Yes,Graduate,85.0,66.8,61.6,54.2,70.7
STU-0752,North Academy,12,A,Female,18,93.3,1.3,Yes,Secondary,58.4,61.9,92.7,74.8,75.1
STU-0753,East Model,12,B,Male,17,100.0,4.1,Yes,Secondary,75.1,67.3,84.9,94.9,69.7
STU-0754,West Senior,10,B,Male,15,70.6,4.5,Yes,Secondary,64.8,84.8,78.8,66.5,72.9
STU-0755,South Public,10,A,Female,15,78.8,0.6,Yes,Secondary,59.7,54.5,55.0,74.9,44.5
STU-0756,West Senior,11,A,Female,16,79.7,0.7,Yes,Graduate,43.1,65.5,49.0,73.8,61.5
STU-0757,East Model,12,A,Male,17,83.2,1.2,No,Secondary,52.1,60.9,73.7,51.1,55.7
STU-0758,East Model,10,B,Male,15,87.8,5.7,Yes,Secondary,100.0,91.8,77.8,74.7,96.4
STU-0759,East Model,12,A,Male,17,82.3,1.0,No,Secondary,42.4,54.3,60.9,52.6,61.6
STU-0760,West Senior,9,C,Male,14,85.5,2.1,Yes,Postgraduate,53.2,58.5,73.1,78.4,61.7
STU-0761,West Senior,12,C,Male,17,84.6,3.4,Yes,Graduate,71.3,76.7,85.8,80.3,70.9
STU-0762,South Public,10,B,Male,15,55.5,2.8,Yes,Secondary,57.8,59.8,78.8,68.1,62.3
STU-0763,West Senior,10,C,Female,15,75.4,2.1,Yes,Secondary,73.2,63.6,78.8,62.4,71.1
STU-0764,East Model,9,C,Female,14,99.2,1.3,Yes,Graduate,82.4,64.2,83.2,58.0,55.2
STU-0765,West Senior,9,C,Male,15,98.6,1.4,Yes,Graduate,80.3,80.4,58.9,55.2,72.2
STU-0766,East Model,12,A,Female,17,86.2,2.1,Yes,Secondary,65.9,69.0,60.8,75.2,77.6
STU-0767,East Model,9,A,Male,14,95.9,2.4,Yes,Secondary,56.3,84.9,77.4,81.6,71.3
STU-0768,North Academy,11,B,Female,16,74.9,1.3,Yes,Primary,63.2,62.1,61.5,51.8,63.0
STU-0769,West Senior,9,B,Female,14,98.3,0.7,Yes,Graduate,48.6,71.1,71.3,55.6,66.4
STU-0770,East Model,9,A,Male,14,77.1,1.9,No,Primary,61.9,45.8,56.3,71.4,51.7
STU-0771,South Public,9,C,Male,15,87.4,1.0,No,Primary,52.9,71.7,97.8,39.0,56.3
STU-0772,West Senior,9,C,Male,15,66.9,0.5,Yes,Postgraduate,57.8,52.2,50.4,59.6,52.5
STU-0773,East Model,12,C,Female,17,100.0,3.9,Yes,Graduate,87.0,97.0,90.7,68.0,82.5
STU-0774,West Senior,12,C,Female,17,80.3,2.6,No,Secondary,58.5,70.8,63.9,73.4,88.0
STU-0775,South Public,12,A,Female,17,77.0,4.1,No,Graduate,43.6,74.8,63.9,66.2,74.9
STU-0776,North Academy,11,C,Female,16,90.1,0.8,No,Secondary,63.1,67.1,46.3,61.2,61.1
STU-0777,North Academy,10,B,Female,15,71.3,1.9,Yes,Secondary,46.3,61.3,47.9,60.8,88.1
STU-0778,South Public,11,A,Male,16,87.7,2.5,Yes,Primary,47.2,74.5,89.9,72.8,53.7
STU-0779,South Public,12,A,Female,17,76.8,2.9,Yes,Graduate,69.3,75.9,61.1,55.8,61.0
STU-0780,South Public,10,C,Female,15,86.7,3.0,Yes,Graduate,51.5,76.3,67.8,76.7,88.7
STU-0781,South Public,9,B,Female,14,86.5,0.4,Yes,Secondary,67.1,66.0,79.1,70.3,71.6
STU-0782,North Academy,10,C,Female,15,100.0,3.3,Yes,Graduate,79.6,94.0,79.5,54.5,71.0
STU-0783,North Academy,10,B,Female,16,74.0,0.6,Yes,Secondary,51.6,51.7,53.5,60.6,65.7
STU-0784,South Public,9,B,Male,14,86.5,2.7,Yes,Postgraduate,66.4,81.1,72.2,77.8,81.5
STU-0785,East Model,11,B,Female,16,77.1,4.1,No,Postgraduate,72.4,74.7,79.8,81.0,73.3
STU-0786,East Model,11,C,Female,16,90.4,6.7,Yes,Secondary,73.7,86.9,95.5,96.1,100.0
STU-0787,North Academy,11,A,Female,16,80.3,4.1,Yes,Graduate,71.1,60.9,67.9,69.8,69.8
STU-0788,East Model,10,A,Female,16,92.9,2.4,Yes,Secondary,85.7,68.1,71.9,86.9,74.4
STU-0789,West Senior,11,A,Female,16,89.1,2.4,Yes,Secondary,71.4,59.1,84.7,83.7,71.3
STU-0790,West Senior,10,A,Female,16,79.3,1.4,Yes,Graduate,57.4,75.3,75.4,72.7,56.0
STU-0791,South Public,11,B,Female,16,74.2,2.4,No,Graduate,65.9,68.0,74.4,50.5,59.8
STU-0792,East Model,11,B,Male,16,78.4,0.7,No,Primary,56.9,78.4,68.1,52.1,67.6
STU-0793,East Model,12,A,Female,17,83.5,1.6,Yes,Postgraduate,49.1,59.8,63.4,76.0,52.1
STU-0794,North Academy,9,C,Male,15,84.3,3.0,Yes,Secondary,56.3,68.5,71.2,81.6,80.0
STU-0795,East Model,12,C,Male,18,100.0,1.0,Yes,Secondary,61.3,62.5,56.9,80.9,64.8
STU-0796,North Academy,11,A,Female,16,90.0,3.3,Yes,Graduate,66.0,71.0,78.2,73.3,74.7
STU-0797,East Model,11,B,Female,16,82.4,0.7,Yes,Postgraduate,52.0,58.9,65.6,73.7,60.9
STU-0798,North Academy,12,B,Male,18,93.7,1.4,No,Graduate,53.7,54.1,66.5,69.7,62.7
STU-0799,North Academy,10,C,Female,15,84.0,2.6,Yes,Secondary,63.5,75.1,71.4,74.0,67.3
STU-0800,East Model,11,C,Male,16,80.2,0.5,Yes,Primary,62.8,75.6,58.0,67.2,67.4
STU-0801,North Academy,9,A,Female,14,69.6,2.4,No,Secondary,61.8,67.0,80.5,45.7,59.1
STU-0802,South Public,12,C,Female,18,72.4,3.8,Yes,Primary,77.9,69.7,64.7,77.9,72.4
STU-0803,East Model,11,B,Male,16,89.8,3.6,Yes,Secondary,82.7,73.8,71.0,73.2,67.6
STU-0804,South Public,11,C,Female,17,71.9,6.5,No,Graduate,68.2,85.4,91.1,91.0,67.3
STU-0805,South Public,9,B,Female,15,86.7,1.2,Yes,Secondary,79.6,71.2,60.7,80.8,77.7
STU-0806,West Senior,11,A,Female,16,88.4,0.7,Yes,Primary,53.8,57.6,67.9,58.2,60.0
STU-0807,South Public,11,A,Female,17,64.2,1.6,Yes,Primary,45.9,36.5,65.2,58.2,60.3
STU-0808,North Academy,10,C,Female,16,73.7,3.7,Yes,Primary,80.8,72.2,66.5,64.7,73.3
STU-0809,South Public,11,A,Female,16,88.6,0.4,No,Graduate,57.7,50.2,90.6,50.6,64.2
STU-0810,West Senior,10,A,Male,15,76.8,1.6,Yes,Secondary,66.3,61.9,50.9,65.3,65.1
STU-0811,East Model,9,A,Male,14,81.8,1.9,No,Graduate,51.9,64.4,47.2,59.0,59.4
STU-0812,North Academy,12,C,Male,17,75.4,2.6,Yes,Postgraduate,69.0,67.1,59.0,61.4,88.0
STU-0813,West Senior,10,A,Female,15,87.1,1.3,Yes,Secondary,60.8,62.1,73.6,87.3,76.0
STU-0814,West Senior,9,C,Male,14,78.7,2.3,No,Secondary,59.8,60.5,59.1,66.0,68.2
STU-0815,North Academy,11,B,Female,16,96.4,2.2,Yes,Graduate,58.8,67.0,68.5,69.8,65.4
STU-0816,South Public,11,A,Male,16,80.0,1.5,Yes,Primary,52.3,58.4,57.4,68.7,69.7
STU-0817,South Public,9,A,Female,14,78.8,3.1,Yes,Secondary,76.2,62.9,87.6,70.6,81.0
STU-0818,West Senior,11,A,Female,17,88.5,2.8,Yes,Postgraduate,59.7,75.3,66.9,88.3,59.1
STU-0819,East Model,10,B,Female,15,77.9,2.0,No,Primary,44.6,67.8,53.7,75.6,65.0
STU-0820,North Academy,11,B,Female,17,93.2,4.6,Yes,Primary,68.0,59.5,82.4,76.6,89.2
STU-0821,West Senior,11,A,Female,17,65.9,1.5,Yes,Postgraduate,69.7,40.1,69.4,56.5,44.4
STU-0822,North Academy,12,A,Female,17,74.7,1.6,Yes,Primary,46.3,62.0,73.4,46.9,51.6
STU-0823,West Senior,10,B,Male,15,77.7,2.0,Yes,Secondary,36.0,49.8,65.3,68.7,65.5
STU-0824,West Senior,9,A,Male,15,90.0,1.5,Yes,Graduate,68.2,55.8,65.6,83.9,74.2
STU-0825,South Public,9,B,Female,15,70.4,1.1,Yes,Secondary,51.4,52.0,61.0,53.8,54.5
STU-0826,West Senior,12,B,Female,18,90.8,0.7,Yes,Postgraduate,65.9,53.3,56.9,78.1,73.3
STU-0827,North Academy,12,C,Female,17,69.0,0.7,No,Postgraduate,49.4,39.3,49.2,79.8,47.0
STU-0828,West Senior,11,C,Male,17,73.3,2.5,Yes,Secondary,64.4,67.7,78.2,71.2,76.0
STU-0829,East Model,9,A,Male,14,81.2,3.4,Yes,Secondary,79.3,84.3,79.3,63.7,70.3
STU-0830,West Senior,9,B,Female,14,63.0,2.2,Yes,Graduate,69.3,59.0,51.0,48.7,65.5
STU-0831,West Senior,12,C,Male,18,81.9,4.0,Yes,Secondary,72.1,73.3,75.7,75.9,79.1
STU-0832,North Academy,12,B,Female,18,97.5,2.2,Yes,Primary,72.6,88.7,48.9,65.0,78.6
STU-0833,South Public,9,C,Female,14,94.9,2.0,No,Postgraduate,70.1,75.4,79.8,48.7,60.3
STU-0834,East Model,12,A,Male,17,97.9,2.3,Yes,Secondary,77.8,76.5,61.2,64.9,67.4
STU-0835,East Model,12,A,Female,18,88.2,0.7,Yes,Graduate,42.5,46.8,56.0,68.8,75.3
STU-0836,West Senior,11,A,Male,16,77.6,3.8,No,Secondary,61.2,72.3,64.7,64.1,85.2
STU-0837,West Senior,12,C,Male,17,99.5,2.0,Yes,Postgraduate,65.3,69.0,59.7,85.6,71.7
STU-0838,North Academy,11,C,Female,16,70.1,1.1,Yes,Primary,51.0,60.3,56.6,68.7,64.6
STU-0839,South Public,10,C,Female,15,88.9,2.3,Yes,Secondary,65.8,72.1,61.8,62.9,79.1
STU-0840,South Public,11,C,Male,16,81.8,1.0,No,Secondary,64.7,54.1,64.4,50.0,66.1
STU-0841,South Public,11,C,Female,16,82.0,3.4,Yes,Secondary,61.9,78.9,68.7,65.1,75.6
STU-0842,South Public,9,C,Female,14,84.2,2.1,Yes,Postgraduate,85.4,64.0,65.4,73.7,76.6
STU-0843,North Academy,9,C,Female,14,87.2,1.4,Yes,Secondary,61.5,58.5,79.9,65.3,64.4
STU-0844,North Academy,9,B,Female,15,67.0,0.9,Yes,Postgraduate,54.1,62.4,56.5,54.8,62.3
STU-0845,South Public,9,C,Female,14,89.2,3.0,No,Graduate,71.7,61.3,75.1,58.2,59.4
STU-0846,North Academy,12,C,Female,17,77.3,0.9,Yes,Secondary,54.8,51.5,68.9,64.2,56.0
STU-0847,North Academy,11,A,Female,16,89.8,1.6,No,Primary,43.6,60.0,54.3,66.4,67.7
STU-0848,North Academy,11,B,Male,16,76.4,0.8,Yes,Graduate,53.8,68.2,35.0,61.0,48.1
STU-0849,East Model,9,C,Male,14,75.9,1.7,Yes,Secondary,54.8,46.1,74.7,79.7,37.0
STU-0850,West Senior,11,C,Female,16,77.7,2.8,Yes,Postgraduate,73.8,53.4,68.5,77.2,73.4
STU-0851,North Academy,11,A,Male,16,69.6,2.8,Yes,Secondary,63.1,62.0,44.6,48.3,59.4
STU-0852,East Model,10,A,Female,15,54.4,1.7,Yes,Secondary,51.7,59.9,55.3,54.8,47.6
STU-0853,South Public,12,B,Male,17,70.0,2.1,Yes,Primary,36.2,41.0,62.1,65.4,65.6
STU-0854,West Senior,10,B,Male,15,70.6,1.0,Yes,Secondary,44.4,66.1,66.8,52.5,53.4
STU-0855,East Model,10,A,Male,15,80.8,2.7,Yes,Secondary,34.2,70.6,68.9,86.0,89.2
STU-0856,West Senior,11,C,Female,16,84.1,3.7,Yes,Primary,66.5,64.7,63.2,56.6,47.9
STU-0857,North Academy,12,C,Female,17,80.0,0.9,Yes,Graduate,58.1,53.4,60.0,64.8,74.5
STU-0858,West Senior,12,A,Female,17,68.6,1.6,Yes,Graduate,45.9,48.2,62.7,49.7,60.7
STU-0859,North Academy,10,C,Male,15,57.0,1.8,No,Graduate,48.8,49.9,68.4,47.0,61.6
STU-0860,East Model,10,A,Female,16,53.2,1.4,Yes,Postgraduate,52.5,53.6,55.3,45.7,75.5
STU-0861,North Academy,12,A,Male,17,64.8,3.3,Yes,Primary,53.8,68.1,42.0,39.3,66.9
STU-0862,North Academy,10,A,Female,15,81.7,2.5,Yes,Graduate,54.9,71.2,57.0,72.0,68.8
STU-0863,East Model,12,C,Male,17,77.1,5.5,Yes,Postgraduate,77.0,93.3,86.3,68.4,100.0
STU-0864,North Academy,12,A,Male,18,73.7,1.4,Yes,Postgraduate,64.8,55.9,69.0,62.3,48.3
STU-0865,West Senior,12,C,Female,17,97.0,2.4,No,Graduate,57.6,59.9,63.7,73.1,72.6
STU-0866,North Academy,10,C,Male,15,90.6,1.8,Yes,Secondary,59.6,80.2,80.5,68.2,68.3
STU-0867,West Senior,10,C,Female,15,90.4,2.5,Yes,Graduate,58.5,59.8,83.6,75.0,76.4
STU-0868,South Public,10,B,Male,15,79.6,0.6,Yes,Graduate,55.1,43.9,46.1,73.1,67.1
STU-0869,West Senior,10,A,Female,15,86.0,0.3,Yes,Secondary,43.3,64.0,71.4,57.6,78.3
STU-0870,West Senior,10,B,Male,16,79.1,2.1,Yes,Primary,59.8,59.3,71.1,82.4,70.9
STU-0871,South Public,9,A,Female,14,87.1,1.9,Yes,Secondary,59.1,65.4,81.2,76.8,70.7
STU-0872,North Academy,9,C,Male,14,83.4,2.0,Yes,Secondary,70.8,51.6,63.6,76.4,67.7
STU-0873,West Senior,11,C,Male,17,75.1,1.4,Yes,Postgraduate,59.0,78.4,73.5,55.6,60.2
STU-0874,East Model,12,C,Female,17,90.4,0.8,Yes,Primary,59.6,66.9,62.0,66.6,61.9
STU-0875,North Academy,10,B,Female,15,87.0,1.5,Yes,Graduate,63.2,47.7,84.0,57.1,61.7
STU-0876,North Academy,9,A,Female,14,79.1,1.8,Yes,Secondary,67.8,72.8,59.5,61.6,53.1
STU-0877,North Academy,12,A,Male,17,85.7,1.6,Yes,Secondary,49.2,67.2,61.2,45.9,71.2
STU-0878,East Model,10,B,Male,15,85.6,3.3,Yes,Primary,63.8,96.0,96.5,85.3,96.2
STU-0879,North Academy,10,B,Male,15,84.4,4.6,No,Graduate,73.1,76.7,93.9,74.7,86.1
STU-0880,East Model,10,C,Female,15,82.0,1.4,Yes,Secondary,70.3,58.7,61.9,81.3,59.9
STU-0881,South Public,9,A,Female,14,80.1,2.7,Yes,Graduate,73.5,81.1,61.5,63.7,70.9
STU-0882,West Senior,12,B,Male,18,89.7,3.5,Yes,Primary,78.0,80.4,86.0,78.4,79.8
STU-0883,South Public,11,B,Female,17,68.7,1.7,Yes,Secondary,44.8,44.2,55.8,70.6,56.6
STU-0884,West Senior,9,C,Male,14,57.9,2.5,No,Secondary,38.7,65.1,62.9,60.8,46.2
STU-0885,North Academy,12,C,Male,17,89.5,3.0,Yes,Primary,64.8,49.6,76.7,86.6,95.5
STU-0886,South Public,11,B,Female,16,78.2,0.7,Yes,Graduate,55.0,49.0,66.4,70.4,57.2
STU-0887,East Model,9,A,Female,15,84.5,1.5,No,Secondary,55.0,64.5,75.6,56.9,51.5
STU-0888,South Public,10,C,Male,15,83.9,1.8,Yes,Secondary,74.4,65.4,54.7,67.4,61.9
STU-0889,South Public,11,B,Female,16,73.3,1.6,Yes,Postgraduate,49.1,34.5,75.9,47.8,76.1
STU-0890,North Academy,12,A,Female,18,77.7,2.3,Yes,Graduate,70.3,50.4,72.1,68.3,80.1
STU-0891,North Academy,9,B,Female,14,80.0,3.0,Yes,Graduate,56.1,74.8,57.3,73.5,90.5
STU-0892,North Academy,9,B,Male,15,69.3,7.0,Yes,Primary,87.4,90.1,86.5,74.6,100.0
STU-0893,North Academy,10,C,Male,16,76.5,1.2,Yes,Graduate,55.0,46.1,48.6,64.8,49.2
STU-0894,East Model,12,A,Male,18,87.3,1.1,Yes,Postgraduate,79.2,54.0,68.2,59.2,67.0
STU-0895,East Model,10,A,Male,15,81.5,1.5,Yes,Secondary,69.9,48.9,57.8,50.1,59.5
STU-0896,East Model,11,A,Female,16,89.4,2.4,Yes,Postgraduate,63.0,64.5,63.1,76.0,76.2
STU-0897,West Senior,9,C,Female,15,68.4,2.1,No,Primary,53.0,45.8,48.8,75.9,62.5
STU-0898,South Public,11,C,Male,16,61.9,3.3,Yes,Secondary,75.9,59.9,74.9,69.4,65.1
STU-0899,West Senior,9,A,Male,15,83.2,3.3,Yes,Graduate,76.0,85.3,77.1,81.4,71.9
STU-0900,South Public,12,C,Male,18,73.3,3.3,Yes,Secondary,51.7,64.4,62.3,53.0,76.6
STU-0901,North Academy,9,B,Female,15,82.9,6.8,Yes,Graduate,79.0,74.9,100.0,94.0,85.6
STU-0902,East Model,10,A,Female,15,82.6,0.8,Yes,Secondary,47.8,45.0,62.7,64.4,56.0
STU-0903,North Academy,12,A,Female,17,89.4,0.9,Yes,Secondary,64.0,47.8,71.1,58.8,72.2
STU-0904,West Senior,9,C,Female,15,85.1,2.4,Yes,Primary,71.3,62.6,63.1,64.1,73.3
STU-0905,East Model,11,A,Male,16,86.7,1.4,Yes,Secondary,69.6,75.3,84.9,63.8,60.7
STU-0906,North Academy,11,C,Female,16,93.1,4.4,Yes,Secondary,68.4,91.2,84.1,83.4,83.2
STU-0907,South Public,11,C,Male,16,79.8,3.0,Yes,Secondary,72.7,80.9,76.3,71.7,74.1
STU-0908,East Model,12,C,Female,17,81.5,2.3,Yes,Graduate,73.2,57.3,78.0,66.4,68.8
STU-0909,East Model,10,A,Male,16,86.5,1.0,No,Secondary,58.5,60.1,46.6,76.3,55.4
STU-0910,West Senior,12,C,Female,17,83.5,0.2,Yes,Secondary,56.3,48.6,57.6,64.6,48.5
STU-0911,South Public,12,C,Female,17,88.1,1.4,Yes,Graduate,60.0,60.5,66.5,63.4,63.4
STU-0912,East Model,10,C,Female,15,86.5,3.8,Yes,Graduate,55.5,67.1,84.5,71.1,83.8
STU-0913,East Model,9,A,Male,14,75.3,3.7,Yes,Graduate,76.3,57.4,79.2,66.1,66.1
STU-0914,South Public,12,C,Male,17,83.1,1.2,No,Postgraduate,59.2,59.1,72.9,55.0,52.4
STU-0915,North Academy,10,B,Female,15,77.3,3.9,Yes,Secondary,66.2,71.4,75.2,83.2,80.4
STU-0916,South Public,10,B,Female,15,74.7,3.6,Yes,Graduate,63.4,86.1,62.0,75.1,67.5
STU-0917,South Public,12,A,Female,17,80.2,2.3,Yes,Primary,65.5,90.2,71.2,53.2,50.5
STU-0918,South Public,9,A,Male,14,91.0,1.7,Yes,Primary,56.7,93.6,72.3,62.7,77.2
STU-0919,South Public,9,B,Female,15,92.9,0.8,Yes,Secondary,69.0,58.9,75.7,85.4,60.0
STU-0920,East Model,10,A,Male,15,80.9,1.8,No,Postgraduate,42.2,62.8,67.5,75.5,73.9
STU-0921,North Academy,12,C,Female,17,81.9,1.9,No,Graduate,44.4,69.7,65.3,77.2,62.1
STU-0922,East Model,9,B,Male,14,59.8,1.0,Yes,Graduate,45.6,63.6,61.1,43.5,54.1
STU-0923,North Academy,10,A,Male,15,79.0,5.1,Yes,Secondary,65.3,86.9,61.0,66.6,71.1
STU-0924,North Academy,12,B,Female,17,92.1,0.7,Yes,Secondary,49.6,62.1,71.4,74.9,71.9
STU-0925,North Academy,10,B,Male,15,72.8,1.7,Yes,Graduate,63.3,72.2,59.7,68.0,66.2
STU-0926,North Academy,12,B,Male,17,70.8,1.6,Yes,Secondary,50.9,65.9,61.2,67.3,62.3
STU-0927,South Public,11,C,Male,16,80.2,3.4,Yes,Secondary,76.9,60.8,58.7,64.7,71.1
STU-0928,North Academy,10,C,Male,15,93.2,3.2,No,Postgraduate,95.6,70.5,69.4,83.8,86.4
STU-0929,North Academy,9,A,Male,14,77.3,4.0,No,Postgraduate,78.0,78.2,65.6,75.5,77.1
STU-0930,West Senior,9,C,Male,14,100.0,1.4,Yes,Graduate,61.9,66.7,83.1,84.9,84.0
STU-0931,East Model,9,B,Male,14,81.8,4.3,Yes,Secondary,80.5,76.0,65.3,81.6,81.3
STU-0932,North Academy,12,B,Female,18,97.2,1.2,Yes,Graduate,68.8,61.3,51.1,53.6,69.5
STU-0933,East Model,9,B,Female,14,72.6,1.3,Yes,Secondary,61.7,66.8,67.2,60.2,70.8
STU-0934,West Senior,9,A,Male,15,73.5,2.9,Yes,Secondary,76.3,62.3,58.5,68.3,69.0
STU-0935,East Model,9,C,Female,15,86.5,1.1,No,Secondary,55.4,78.5,80.9,45.3,55.1
STU-0936,East Model,12,A,Male,18,79.7,1.4,Yes,Graduate,63.4,63.4,62.9,82.0,80.4
STU-0937,West Senior,9,A,Female,14,74.5,2.8,Yes,Primary,58.9,68.9,77.5,64.2,79.9
STU-0938,East Model,12,A,Female,17,73.7,3.7,No,Secondary,48.0,65.3,88.3,69.8,79.2
STU-0939,West Senior,12,C,Male,17,97.6,1.9,Yes,Primary,84.8,78.1,76.3,60.2,76.9
STU-0940,North Academy,9,A,Male,14,90.7,2.6,Yes,Postgraduate,61.3,78.5,53.5,64.8,84.8
STU-0941,South Public,10,A,Male,15,84.8,0.8,Yes,Postgraduate,47.4,50.7,64.5,58.4,89.7
STU-0942,East Model,10,B,Female,16,91.7,2.4,Yes,Postgraduate,80.8,68.2,84.2,82.9,76.6
STU-0943,North Academy,12,B,Female,17,75.2,2.9,Yes,Secondary,63.0,67.9,69.5,59.5,82.0
STU-0944,South Public,11,A,Male,17,,1.2,No,Graduate,61.8,72.7,79.2,47.8,51.9
STU-0945,West Senior,10,B,Female,15,86.8,1.8,Yes,Secondary,59.8,47.1,62.0,56.4,61.6
STU-0946,South Public,11,B,Male,17,71.6,0.9,Yes,Postgraduate,58.6,58.0,54.5,44.0,47.3
STU-0947,North Academy,9,B,Female,14,88.2,2.5,Yes,Secondary,64.8,73.5,83.2,86.1,88.6
STU-0948,East Model,12,C,Male,17,71.7,2.1,No,Graduate,44.5,67.7,53.1,80.1,75.3
STU-0949,West Senior,12,A,Male,17,82.7,1.7,Yes,Secondary,50.8,82.2,58.9,69.0,75.6
STU-0950,South Public,10,C,Female,15,97.9,0.4,Yes,Secondary,69.2,51.3,64.3,41.4,68.3
STU-0951,East Model,12,A,Male,17,84.3,1.2,Yes,Postgraduate,71.0,53.9,54.4,60.1,60.4
STU-0952,South Public,11,A,Male,17,84.0,3.5,Yes,Primary,68.0,75.5,76.4,75.8,64.1
STU-0953,West Senior,9,A,Female,14,93.7,3.4,Yes,Graduate,59.7,68.2,73.8,74.8,97.5
STU-0954,East Model,9,C,Female,15,85.6,3.0,Yes,Postgraduate,66.2,84.5,86.5,76.4,84.4
STU-0955,South Public,11,A,Male,16,66.4,4.5,Yes,Primary,53.7,64.5,68.4,66.2,73.6
STU-0956,North Academy,12,C,Female,17,81.6,3.1,Yes,Graduate,74.6,78.5,77.9,72.7,86.1
STU-0957,North Academy,11,C,Female,17,79.3,1.0,Yes,Secondary,58.6,62.6,66.8,61.1,71.3
STU-0958,West Senior,10,C,Male,16,74.7,2.3,Yes,Graduate,66.5,62.3,60.7,73.0,70.0
STU-0959,South Public,12,B,Male,18,80.5,2.5,Yes,Graduate,63.9,60.6,61.4,60.2,66.2
STU-0960,West Senior,10,A,Male,15,84.6,4.8,Yes,Secondary,74.6,64.5,69.5,68.4,63.6
STU-0961,East Model,10,C,Female,16,78.5,4.1,Yes,Primary,74.4,76.6,80.5,57.2,78.5
STU-0962,South Public,12,C,Male,17,73.4,0.9,Yes,Graduate,45.7,60.8,71.4,52.4,49.4
STU-0963,West Senior,9,B,Female,14,78.2,4.0,Yes,Secondary,76.7,64.5,71.4,71.4,68.7
STU-0964,South Public,10,C,Female,15,76.6,1.3,Yes,Secondary,62.2,57.5,80.4,65.2,66.6
STU-0965,East Model,12,B,Male,18,86.0,6.8,Yes,Secondary,86.3,85.3,81.6,92.1,89.7
STU-0966,South Public,12,A,Male,17,76.4,0.4,Yes,Secondary,55.5,59.9,72.9,52.6,75.8
STU-0967,West Senior,12,A,Female,17,88.2,2.7,Yes,Postgraduate,62.1,48.6,67.3,62.2,61.9
STU-0968,South Public,12,A,Female,18,81.1,1.9,Yes,Graduate,48.3,60.5,65.0,68.1,74.8
STU-0969,North Academy,10,A,Female,16,92.1,4.0,Yes,Secondary,84.4,66.6,60.1,79.2,89.6
STU-0970,North Academy,12,C,Male,17,84.0,2.2,Yes,Secondary,55.6,65.7,71.0,77.1,66.7
STU-0971,West Senior,11,B,Male,17,96.6,2.7,Yes,Secondary,68.0,59.5,82.1,73.9,76.2
STU-0972,South Public,9,C,Female,14,64.9,0.8,Yes,Graduate,43.2,68.2,68.3,61.3,50.6
STU-0973,West Senior,11,A,Female,16,70.1,0.9,Yes,Secondary,38.7,56.1,40.1,41.7,63.1
STU-0974,South Public,10,C,Female,15,84.5,2.1,Yes,Graduate,64.2,76.5,66.2,67.5,68.0
STU-0975,North Academy,11,B,Male,16,92.3,4.5,Yes,Secondary,65.6,81.4,80.3,66.8,95.2
STU-0976,East Model,10,B,Female,16,92.6,7.0,Yes,Graduate,91.2,80.7,89.3,88.1,100.0
STU-0977,North Academy,10,C,Male,16,78.4,2.4,Yes,Secondary,60.7,46.6,67.5,79.1,63.2
STU-0978,East Model,10,B,Female,15,94.2,5.5,Yes,Graduate,81.5,71.3,90.1,79.0,73.3
STU-0979,North Academy,12,B,Male,17,93.5,0.7,Yes,Primary,44.8,51.4,76.1,50.3,83.8
STU-0980,North Academy,10,A,Male,15,99.2,1.4,Yes,Postgraduate,63.8,72.0,69.4,88.7,70.1
STU-0981,North Academy,9,C,Male,15,82.5,2.3,Yes,Secondary,64.5,74.4,68.7,71.9,66.4
STU-0982,South Public,10,B,Female,15,85.1,2.2,Yes,Secondary,73.6,66.5,67.3,56.7,60.9
STU-0983,North Academy,10,B,Male,15,83.7,2.2,Yes,Secondary,60.5,53.6,66.8,52.6,69.5
STU-0984,North Academy,9,B,Male,14,76.6,0.7,Yes,Secondary,52.8,68.2,76.4,73.8,48.6
STU-0985,East Model,11,A,Male,16,62.4,1.7,Yes,Primary,61.1,68.3,42.8,75.7,74.5
STU-0986,East Model,10,B,Female,15,83.8,6.2,Yes,Secondary,86.7,82.8,80.5,95.0,96.5
STU-0987,West Senior,12,C,Female,17,93.1,1.0,Yes,Secondary,54.7,58.3,64.3,95.3,67.8
STU-0988,South Public,12,C,Female,17,71.6,1.6,Yes,Graduate,55.0,48.0,76.0,56.0,71.1
STU-0989,West Senior,11,B,Female,16,78.2,1.9,No,Primary,53.5,44.8,86.7,63.1,71.4
STU-0990,East Model,12,B,Male,18,93.7,2.0,Yes,Secondary,56.6,56.8,76.7,72.1,90.6
STU-0991,South Public,11,A,Male,17,80.9,3.2,Yes,Graduate,61.1,74.0,65.8,86.4,66.5
STU-0992,East Model,10,B,Male,15,89.7,1.2,Yes,Graduate,64.6,59.2,59.9,56.4,72.7
STU-0993,East Model,9,A,Male,14,90.8,2.7,Yes,Primary,81.3,58.5,61.5,52.1,70.4
STU-0994,South Public,12,C,Female,17,83.9,2.8,No,Postgraduate,53.7,63.5,63.7,92.1,74.8
STU-0995,South Public,12,A,Male,17,83.5,0.8,Yes,Secondary,46.5,59.9,73.4,52.8,61.3
STU-0996,South Public,10,A,Male,16,78.5,4.5,Yes,Secondary,75.5,63.3,74.9,93.3,88.0
STU-0997,East Model,11,C,Male,16,87.4,1.7,No,Secondary,49.1,51.3,52.2,57.4,64.9
STU-0998,North Academy,11,B,Female,16,82.5,3.4,Yes,Graduate,53.7,62.7,68.2,70.1,88.2
STU-0999,South Public,10,B,Female,15,75.5,3.1,Yes,Secondary,58.3,70.0,53.9,59.7,65.6
STU-1000,East Model,11,C,Female,17,83.1,1.3,Yes,Graduate,62.7,55.1,57.2,51.3,67.4
STU-1001,North Academy,10,B,Male,15,80.0,1.4,Yes,Secondary,62.4,41.3,48.7,71.8,51.2
STU-1002,North Academy,12,A,Female,17,65.7,3.3,Yes,Secondary,59.5,71.9,62.3,80.4,67.0
STU-1003,West Senior,9,C,Male,14,80.1,3.5,Yes,Secondary,43.3,44.5,80.2,71.5,70.1
STU-1004,North Academy,9,A,Male,14,74.7,0.8,No,Secondary,53.0,64.6,42.3,52.1,61.8
STU-1005,South Public,9,C,Male,14,75.9,0.7,Yes,Primary,61.5,52.0,55.6,62.0,66.8
STU-1006,West Senior,12,C,Male,18,100.0,2.6,Yes,Graduate,59.1,82.7,87.3,84.5,83.3
STU-1007,South Public,12,B,Female,17,95.5,1.6,No,Postgraduate,75.8,60.2,56.8,53.0,65.3
STU-1008,North Academy,9,C,Female,14,79.5,1.8,Yes,Secondary,59.4,58.2,42.3,61.1,64.3
STU-1009,South Public,10,A,Male,15,74.0,1.3,Yes,Secondary,57.0,53.3,70.3,65.3,69.0
STU-1010,West Senior,9,A,Female,14,90.3,0.8,No,Graduate,63.7,46.0,66.5,78.5,65.9
STU-1011,West Senior,10,A,Female,15,95.8,2.3,No,Secondary,72.6,52.8,80.4,66.0,68.6
STU-1012,East Model,12,A,Male,17,72.0,2.4,Yes,Postgraduate,57.9,65.4,50.3,48.3,61.9
STU-1013,West Senior,9,A,Female,15,72.4,1.6,No,Primary,54.8,57.3,74.2,50.4,59.6
STU-1014,North Academy,11,A,Male,16,80.9,1.7,Yes,Secondary,79.0,72.1,70.3,61.7,77.8
STU-1015,East Model,12,C,Female,17,67.1,1.1,Yes,Postgraduate,28.3,68.3,47.0,46.2,60.9
STU-1016,North Academy,12,B,Male,18,96.6,0.7,Yes,Graduate,46.9,62.8,66.0,73.3,65.7
STU-1017,South Public,12,B,Female,18,94.0,3.7,No,Secondary,69.9,69.5,83.5,70.1,75.5
STU-1018,North Academy,12,A,Female,18,79.1,1.5,Yes,Primary,72.7,48.7,56.7,51.9,60.2
STU-1019,East Model,9,C,Female,14,87.0,1.1,Yes,Postgraduate,65.7,54.7,70.5,47.4,59.3
STU-1020,North Academy,10,A,Female,15,96.9,1.6,Yes,Graduate,54.1,58.4,69.1,59.8,69.6
STU-1021,North Academy,12,B,Male,17,90.4,0.8,Yes,Secondary,60.0,66.7,64.9,56.2,62.7
STU-1022,East Model,9,A,Male,14,74.0,3.6,Yes,Graduate,76.1,73.9,73.0,72.6,70.4
STU-1023,East Model,10,A,Male,15,91.1,1.0,Yes,Graduate,69.5,71.9,58.3,67.3,63.9
STU-1024,South Public,11,C,Female,16,76.9,0.7,Yes,Graduate,72.3,47.2,48.9,65.5,57.7
STU-1025,South Public,11,B,Female,17,84.8,1.7,Yes,Secondary,62.2,56.6,55.2,62.7,85.6
STU-1026,East Model,12,B,Female,17,76.3,4.9,Yes,Secondary,76.9,57.2,61.4,61.4,100.0
STU-1027,West Senior,10,A,Male,15,78.0,1.0,Yes,Graduate,49.0,48.5,57.5,51.6,64.5
STU-1028,North Academy,10,B,Female,15,81.6,0.8,Yes,Primary,68.5,74.6,64.4,59.3,79.7
STU-1029,South Public,11,A,Female,17,81.8,3.6,Yes,Graduate,59.4,63.3,71.6,75.7,74.3
STU-1030,East Model,9,B,Female,14,68.7,6.0,Yes,Postgraduate,60.5,74.1,83.6,94.0,75.9
STU-1031,West Senior,12,C,Female,17,77.9,2.0,Yes,Secondary,70.1,76.4,70.4,70.6,65.1
STU-1032,West Senior,11,C,Male,16,85.6,1.5,Yes,Secondary,49.2,52.4,58.5,54.7,69.2
STU-1033,North Academy,11,C,Female,16,79.3,1.7,Yes,Postgraduate,56.1,60.8,67.1,64.8,64.0
STU-1034,South Public,12,A,Male,17,72.5,1.9,No,Primary,51.8,39.8,71.0,58.5,70.6
STU-1035,East Model,12,B,Female,17,77.9,1.7,Yes,Secondary,46.1,49.9,43.3,57.7,72.9
STU-1036,North Academy,12,C,Male,17,95.7,2.0,Yes,Secondary,62.4,71.9,67.6,61.4,67.2
STU-1037,North Academy,9,A,Male,14,76.0,1.8,Yes,Secondary,55.6,60.8,51.1,64.8,74.3
STU-1038,West Senior,11,C,Male,16,75.0,1.4,Yes,Secondary,51.2,49.3,44.4,61.7,63.8
STU-1039,North Academy,9,A,Female,14,69.2,3.4,Yes,Postgraduate,64.3,58.1,78.9,66.8,79.7
STU-1040,North Academy,9,B,Female,14,66.3,1.8,Yes,Postgraduate,55.9,56.5,49.5,41.5,61.1
STU-1041,North Academy,12,B,Female,17,73.3,6.6,No,Graduate,84.6,72.4,86.8,74.3,79.9
STU-1042,North Academy,10,C,Male,16,76.0,0.7,Yes,Secondary,57.2,61.0,60.4,41.9,60.8
STU-1043,East Model,9,A,Male,14,86.5,3.0,No,Secondary,59.1,65.7,66.8,66.7,74.5
STU-1044,South Public,10,B,Female,15,99.0,3.6,Yes,Secondary,58.7,82.3,89.2,81.4,87.0
STU-1045,East Model,10,A,Female,15,55.4,3.2,Yes,Graduate,69.9,50.1,83.8,59.8,72.0
STU-1046,East Model,9,C,Male,14,94.9,0.6,No,Secondary,67.6,56.9,67.5,72.3,75.5
STU-1047,East Model,10,B,Male,15,99.0,1.5,Yes,Graduate,51.6,52.6,70.3,53.1,79.1
STU-1048,East Model,11,B,Female,16,86.4,4.2,Yes,Graduate,72.9,71.5,87.0,71.7,84.7
STU-1049,West Senior,11,C,Male,17,85.6,1.5,Yes,Secondary,57.0,77.5,71.2,56.6,53.7
STU-1050,South Public,11,C,Male,16,81.9,3.6,Yes,Secondary,57.0,80.6,79.9,61.8,74.7
STU-1051,South Public,9,C,Male,14,81.6,1.3,No,Primary,61.3,64.2,86.1,54.0,74.3
STU-1052,South Public,12,C,Male,18,85.2,3.0,Yes,Primary,75.1,73.5,72.2,71.9,69.8
STU-1053,West Senior,12,A,Female,17,77.3,3.2,Yes,Graduate,64.2,58.8,70.9,78.4,74.5
STU-1054,South Public,10,B,Female,16,94.7,1.0,Yes,Postgraduate,54.2,53.6,72.3,51.5,82.0
STU-1055,North Academy,9,C,Male,15,88.6,1.2,Yes,Graduate,61.9,86.2,82.1,67.1,70.5
STU-1056,South Public,12,A,Female,17,74.6,1.8,Yes,Graduate,70.4,47.3,66.8,65.3,62.7
STU-1057,North Academy,12,C,Male,18,85.2,2.5,Yes,Secondary,65.5,71.0,76.9,84.2,82.4
STU-1058,West Senior,9,B,Male,14,97.8,2.2,Yes,Graduate,70.8,67.8,82.0,95.4,70.4
STU-1059,West Senior,10,C,Female,15,86.0,2.6,Yes,Postgraduate,67.8,63.1,62.8,60.4,85.4
STU-1060,East Model,9,B,Male,14,68.9,1.7,Yes,Graduate,46.8,66.2,59.8,65.2,65.5
STU-1061,North Academy,11,A,Female,16,72.2,2.8,No,Graduate,51.5,49.8,66.0,57.9,70.4
STU-1062,South Public,11,B,Female,17,66.9,2.3,Yes,Postgraduate,58.0,38.7,66.6,74.8,55.8
STU-1063,South Public,9,B,Female,15,100.0,2.2,Yes,Secondary,48.0,86.3,70.4,96.6,81.0
STU-1064,East Model,9,A,Female,14,100.0,3.7,Yes,Graduate,75.8,70.9,87.9,89.6,67.3
STU-1065,West Senior,9,A,Male,15,73.8,4.4,Yes,Secondary,75.2,72.0,72.4,73.8,86.1
STU-1066,North Academy,10,B,Female,15,71.1,3.7,Yes,Graduate,67.7,57.5,71.7,63.8,75.1
STU-1067,East Model,11,A,Male,16,78.8,3.9,Yes,Secondary,66.5,81.7,86.6,94.2,66.5
STU-1068,North Academy,12,C,Female,18,89.9,2.2,Yes,Secondary,53.5,57.8,70.6,55.1,76.9
STU-1069,South Public,10,B,Female,15,71.1,2.7,No,Secondary,72.6,58.6,66.9,56.7,71.8
STU-1070,North Academy,10,C,Male,15,79.1,0.8,Yes,Postgraduate,52.7,72.3,63.6,59.4,59.4
STU-1071,West Senior,11,C,Female,17,59.5,1.0,Yes,Graduate,62.0,38.9,68.5,57.1,76.9
STU-1072,North Academy,10,B,Female,15,85.4,2.4,Yes,Graduate,54.0,61.6,59.4,51.2,89.6
STU-1073,North Academy,11,C,Male,17,79.5,3.0,Yes,Secondary,63.4,65.4,68.1,72.5,84.2
STU-1074,North Academy,11,A,Female,17,93.4,4.1,Yes,Secondary,85.5,87.2,82.3,68.8,72.6
STU-1075,East Model,10,C,Female,15,71.9,2.6,Yes,Graduate,54.1,60.1,82.8,63.7,69.4
STU-1076,East Model,9,C,Female,15,90.8,2.1,Yes,Graduate,67.5,86.7,62.4,70.3,62.6
STU-1077,West Senior,10,C,Male,15,100.0,2.0,Yes,Graduate,79.5,77.9,87.1,72.1,100.0
STU-1078,South Public,10,A,Male,15,74.1,2.3,Yes,Secondary,67.1,64.0,86.3,53.6,86.7
STU-1079,North Academy,10,B,Female,15,78.9,4.0,Yes,Secondary,61.7,70.6,69.0,82.1,86.4
STU-1080,North Academy,9,C,Male,14,80.9,0.7,Yes,Secondary,50.9,52.9,47.5,67.2,49.1
STU-1081,East Model,10,A,Male,16,79.7,1.2,No,Secondary,51.9,62.4,50.7,59.8,50.9
STU-1082,West Senior,10,A,Female,15,81.9,2.7,Yes,Primary,55.6,75.6,76.9,66.1,54.4
STU-1083,East Model,10,A,Male,15,81.8,3.0,Yes,Postgraduate,80.1,68.1,69.9,72.3,92.0
STU-1084,West Senior,12,B,Male,17,80.3,1.8,Yes,Graduate,57.2,60.8,62.6,55.9,71.1
STU-1085,East Model,11,C,Female,17,75.6,1.9,Yes,Secondary,70.5,59.4,65.0,63.5,56.2
STU-1086,North Academy,11,B,Male,16,64.1,1.2,Yes,Primary,58.9,58.4,66.2,69.4,60.5
STU-1087,South Public,9,C,Male,14,89.5,0.6,Yes,Graduate,56.0,68.1,69.7,67.6,69.5
STU-1088,East Model,12,B,Female,17,86.9,2.7,No,Secondary,63.0,47.2,58.9,75.6,59.7
STU-1089,North Academy,11,A,Female,17,76.1,4.6,Yes,Graduate,53.9,96.5,63.9,69.0,70.7
STU-1090,North Academy,12,A,Male,18,74.9,4.5,No,Graduate,70.0,73.2,76.4,71.4,71.8
STU-1091,North Academy,9,A,Female,14,75.5,1.4,Yes,Graduate,46.8,81.0,72.1,60.8,79.7
STU-1092,South Public,10,A,Female,15,87.8,2.3,Yes,Postgraduate,76.9,65.3,52.4,59.8,71.9
STU-1093,West Senior,9,A,Female,14,98.5,1.7,Yes,Graduate,70.9,74.9,56.0,93.8,73.7
STU-1094,East Model,12,C,Female,17,81.8,2.1,No,Graduate,69.1,50.4,58.6,40.6,66.4
STU-1095,West Senior,10,A,Male,15,98.0,2.2,No,Graduate,71.6,79.5,84.8,69.2,79.6
STU-1096,East Model,10,B,Male,15,84.5,1.3,Yes,Secondary,56.3,75.0,86.6,61.2,81.3
STU-1097,North Academy,12,C,Female,17,84.5,3.8,Yes,Postgraduate,56.6,81.6,72.0,59.6,80.5
STU-1098,West Senior,9,B,Male,14,100.0,1.3,Yes,Secondary,59.9,62.2,55.9,74.2,70.9
STU-1099,West Senior,12,C,Male,18,89.1,1.5,Yes,Postgraduate,62.4,82.2,67.7,63.2,60.9
STU-1100,West Senior,12,B,Male,17,100.0,3.9,Yes,Graduate,81.9,65.1,59.7,85.7,90.6
STU-1101,North Academy,12,A,Female,17,96.4,0.9,Yes,Graduate,74.6,62.8,76.8,55.1,58.5
STU-1102,North Academy,9,B,Female,15,61.4,2.4,No,Primary,69.6,54.4,35.2,68.9,62.6
STU-1103,South Public,10,B,Male,15,75.8,0.8,Yes,Graduate,50.8,43.4,57.0,47.1,76.6
STU-1104,West Senior,12,C,Male,18,92.4,0.5,Yes,Secondary,52.0,44.6,54.4,66.6,50.2
STU-1105,East Model,10,B,Female,15,84.9,1.0,Yes,Graduate,65.9,75.2,65.7,70.1,70.8
STU-1106,West Senior,11,A,Female,17,85.5,3.2,Yes,Secondary,89.1,63.7,83.1,62.2,100.0
STU-1107,East Model,11,B,Female,16,82.3,2.3,Yes,Primary,71.5,63.0,68.0,67.1,56.7
STU-1108,West Senior,9,C,Male,14,75.1,6.5,No,Secondary,67.6,92.1,84.9,87.6,81.6
STU-1109,East Model,10,B,Male,15,82.9,1.8,No,Postgraduate,60.1,59.9,68.7,73.0,61.9
STU-1110,East Model,9,C,Male,15,72.9,4.0,Yes,Primary,72.8,67.9,83.3,79.7,58.8
STU-1111,South Public,12,A,Female,17,76.4,0.6,Yes,Primary,59.5,61.2,73.4,33.1,58.0
STU-1112,West Senior,9,C,Male,14,80.6,4.6,Yes,Primary,62.9,81.7,74.8,77.3,62.2
STU-1113,West Senior,12,B,Male,17,80.8,4.7,No,Primary,60.6,76.6,79.4,82.8,79.1
STU-1114,North Academy,12,C,Male,18,90.8,0.9,Yes,Graduate,80.3,72.0,58.5,54.6,76.4
STU-1115,South Public,11,C,Female,16,82.5,3.2,Yes,Primary,63.4,69.4,58.4,78.6,68.4
STU-1116,North Academy,9,A,Female,15,71.8,1.7,No,Secondary,57.2,68.6,61.7,60.2,49.1
STU-1117,East Model,12,A,Female,17,71.3,5.2,Yes,Graduate,80.1,61.5,67.3,76.4,91.0
STU-1118,South Public,10,B,Female,15,81.8,3.2,Yes,Graduate,70.6,52.3,70.4,87.0,76.0
STU-1119,North Academy,10,A,Male,16,97.2,5.9,No,Secondary,100.0,84.7,87.1,87.5,87.9
STU-1120,East Model,11,C,Female,16,79.3,5.1,Yes,Secondary,67.8,84.8,92.2,82.8,69.1
STU-1121,East Model,9,B,Male,14,57.7,5.8,Yes,Graduate,73.3,68.0,88.0,73.4,65.1
STU-1122,East Model,11,A,Male,16,81.3,1.8,Yes,Graduate,52.8,48.6,63.2,60.2,62.6
STU-1123,West Senior,10,B,Male,15,93.7,0.8,Yes,Secondary,78.7,60.5,75.1,58.0,64.4
STU-1124,North Academy,12,B,Male,17,91.1,1.6,Yes,Postgraduate,59.9,65.8,38.5,79.2,62.8
STU-1125,North Academy,12,C,Male,17,74.5,3.1,Yes,Secondary,66.4,54.5,63.7,56.3,84.7
STU-1126,West Senior,9,C,Female,14,75.5,1.0,Yes,Secondary,71.4,57.7,61.3,68.4,85.4
STU-1127,North Academy,12,C,Female,17,65.5,1.3,Yes,Graduate,54.0,42.1,66.2,60.3,58.2
STU-1128,North Academy,11,A,Female,17,89.0,1.6,No,Graduate,54.6,72.0,64.8,56.6,76.1
STU-1129,South Public,10,A,Female,16,95.3,0.9,Yes,Secondary,33.4,69.0,72.8,57.0,72.9
STU-1130,West Senior,11,A,Female,16,80.3,2.6,Yes,Graduate,48.3,62.7,66.6,60.5,56.7
STU-1131,North Academy,9,B,Female,14,81.4,3.0,Yes,Graduate,65.8,72.0,82.6,77.4,70.1
STU-1132,South Public,9,A,Female,14,89.0,3.6,No,Primary,83.2,78.0,76.5,66.9,61.1
STU-1133,North Academy,9,A,Female,15,100.0,1.6,No,Secondary,56.4,90.1,73.3,73.0,88.0
STU-1134,West Senior,10,B,Female,16,82.3,2.1,Yes,Secondary,56.4,55.5,79.0,60.5,69.0
STU-1135,South Public,12,C,Male,17,100.0,1.5,Yes,Graduate,77.8,61.7,58.4,81.8,55.3
STU-1136,West Senior,11,B,Male,17,90.3,1.7,Yes,Graduate,74.8,73.3,44.1,94.3,55.3
STU-1137,East Model,11,B,Female,16,95.4,1.9,Yes,Graduate,64.3,80.4,82.3,68.7,71.8
STU-1138,West Senior,9,A,Male,14,81.4,0.7,Yes,Secondary,82.9,53.0,72.0,51.0,77.3
STU-1139,East Model,12,C,Female,17,86.1,3.6,Yes,Postgraduate,77.7,78.9,74.0,74.7,90.9
STU-1140,East Model,10,B,Female,15,70.3,0.3,Yes,Postgraduate,67.3,58.7,48.8,48.6,57.4
STU-1141,West Senior,11,B,Male,16,95.4,1.3,Yes,Primary,62.4,65.3,61.3,67.3,58.1
STU-1142,East Model,9,B,Female,14,81.3,4.7,No,Graduate,71.2,58.0,79.8,97.0,88.7
STU-1143,East Model,10,A,Male,15,89.5,1.8,Yes,Primary,69.5,59.2,65.4,75.8,50.2
STU-1144,North Academy,9,C,Female,14,83.5,2.1,No,Primary,71.6,52.4,75.6,50.1,63.5
STU-1145,North Academy,12,A,Male,17,85.0,1.5,Yes,Secondary,57.0,51.5,56.9,68.1,75.5
STU-1146,North Academy,12,B,Female,17,82.3,1.7,Yes,Graduate,67.1,74.8,70.9,65.0,64.5
STU-1147,West Senior,10,A,Female,16,86.8,1.5,Yes,Primary,43.5,80.3,82.4,80.9,68.4
STU-1148,East Model,9,C,Female,14,67.0,4.6,Yes,Graduate,53.1,71.5,76.2,70.4,80.8
STU-1149,North Academy,9,B,Male,14,97.5,1.2,No,Secondary,51.4,66.7,81.8,84.0,72.2
STU-1150,West Senior,9,C,Male,14,75.1,1.2,Yes,Postgraduate,50.1,49.8,75.2,51.5,77.8
STU-1151,South Public,12,C,Male,18,91.0,1.6,Yes,Primary,73.8,42.3,89.3,66.2,88.9
STU-1152,South Public,9,A,Female,14,90.1,0.9,Yes,Primary,62.5,72.8,66.2,69.0,69.7
STU-1153,South Public,9,C,Male,14,66.6,1.9,Yes,Secondary,54.3,53.6,51.0,63.4,74.6
STU-1154,North Academy,11,A,Female,17,85.6,2.4,Yes,Secondary,62.7,65.7,76.2,61.5,67.8
STU-1155,West Senior,12,B,Female,18,100.0,1.6,Yes,Primary,80.7,49.7,75.2,79.7,70.3
STU-1156,North Academy,11,A,Male,16,85.1,1.9,Yes,Secondary,50.3,46.0,64.1,60.5,70.3
STU-1157,South Public,12,B,Female,17,65.2,2.6,Yes,Secondary,50.1,63.3,59.4,54.8,48.5
STU-1158,South Public,11,A,Male,16,75.7,3.8,Yes,Graduate,65.1,69.1,91.2,85.3,68.5
STU-1159,East Model,12,C,Female,17,67.7,1.0,No,Primary,43.5,43.4,60.5,37.1,64.3
STU-1160,South Public,11,C,Male,16,78.0,2.3,Yes,Primary,47.4,55.1,55.8,66.6,63.2
STU-1161,North Academy,10,B,Male,16,91.2,2.0,No,Secondary,51.7,60.0,64.1,63.0,72.3
STU-1162,North Academy,11,B,Male,17,84.0,0.2,Yes,Graduate,73.8,61.1,47.8,65.5,62.7
STU-1163,South Public,10,C,Female,15,84.9,1.3,Yes,Graduate,61.9,68.1,58.0,62.0,76.9
STU-1164,South Public,10,C,Female,15,74.5,2.3,No,Secondary,55.3,65.2,64.3,51.9,54.8
STU-1165,West Senior,9,A,Male,14,93.8,1.9,Yes,Graduate,76.1,46.6,69.5,75.8,68.5
STU-1166,North Academy,12,C,Female,17,82.2,1.7,No,Secondary,48.2,58.0,66.6,61.0,73.9
STU-1167,West Senior,11,C,Female,16,87.0,1.1,Yes,Graduate,52.4,66.8,59.1,85.1,81.6
STU-1168,East Model,12,B,Male,17,93.9,4.1,Yes,Secondary,54.0,77.4,79.9,84.3,71.6
STU-1169,North Academy,11,A,Male,17,100.0,1.5,Yes,Postgraduate,60.8,61.6,69.0,69.7,80.8
STU-1170,South Public,12,A,Male,18,78.8,3.0,No,Secondary,41.2,50.6,56.9,73.5,80.1
STU-1171,West Senior,10,B,Male,15,90.4,0.6,Yes,Graduate,52.3,68.3,72.6,72.5,70.9
STU-1172,West Senior,12,A,Female,18,81.8,0.3,Yes,Graduate,57.6,50.9,54.3,59.5,62.4
STU-1173,West Senior,10,C,Male,15,73.4,2.0,Yes,Graduate,63.8,55.3,61.9,60.3,65.0
STU-1174,South Public,10,C,Male,15,79.5,3.8,Yes,Secondary,68.1,77.8,100.0,83.8,83.3
STU-1175,East Model,11,C,Male,16,92.0,1.7,Yes,Secondary,70.3,64.4,52.9,77.1,66.2
STU-1176,North Academy,11,A,Male,16,87.7,0.9,No,Graduate,48.1,40.2,55.1,65.0,69.0
STU-1177,South Public,9,A,Female,14,75.0,3.1,Yes,Graduate,57.1,67.3,68.1,85.8,76.3
STU-1178,North Academy,10,B,Female,15,75.0,2.6,No,Postgraduate,49.3,67.4,68.4,68.1,73.3
STU-1179,West Senior,10,A,Female,15,72.1,1.7,Yes,Graduate,65.3,51.1,67.5,49.6,47.5
STU-1180,South Public,11,C,Female,17,64.3,0.7,Yes,Secondary,53.7,42.9,56.5,39.3,55.9
STU-1181,East Model,10,C,Female,15,100.0,0.9,Yes,Primary,74.3,68.7,73.4,60.6,78.0
STU-1182,North Academy,10,A,Male,15,95.4,1.5,Yes,Graduate,63.4,64.4,81.5,62.3,86.3
STU-1183,West Senior,10,A,Male,15,94.7,1.7,Yes,Graduate,69.8,63.9,69.8,69.9,66.5
STU-1184,West Senior,11,B,Female,17,94.1,3.7,Yes,Graduate,72.3,68.6,93.6,90.5,81.5
STU-1185,East Model,11,C,Female,16,85.1,2.3,No,Graduate,56.4,45.6,64.5,61.9,60.6
STU-1186,South Public,9,B,Male,14,76.5,1.0,Yes,Secondary,62.8,76.4,58.4,65.4,69.8
STU-1187,South Public,10,B,Male,15,52.6,0.7,Yes,Graduate,40.1,26.1,39.0,39.5,59.4
STU-1188,East Model,11,A,Male,17,86.7,0.3,Yes,Secondary,53.3,57.9,70.1,56.2,71.3
STU-1189,South Public,9,C,Male,14,68.2,1.1,Yes,Secondary,40.7,52.1,57.3,51.5,77.2
STU-1190,South Public,10,C,Male,15,83.7,1.5,Yes,Primary,63.6,66.5,91.0,74.7,85.2
STU-1191,West Senior,10,A,Female,16,69.9,0.8,Yes,Primary,51.1,54.5,48.4,51.2,74.1
STU-1192,South Public,9,A,Female,15,77.3,3.1,Yes,Primary,58.1,64.9,81.6,77.3,75.4
STU-1193,North Academy,10,A,Male,15,76.7,0.7,Yes,Secondary,67.7,47.8,53.1,45.2,80.6
STU-1194,East Model,9,B,Male,14,90.3,1.4,No,Secondary,78.9,96.2,68.3,68.9,85.1
STU-1195,East Model,12,A,Male,17,63.0,1.6,No,Graduate,47.0,32.1,53.4,44.2,58.9
STU-1196,East Model,11,C,Male,17,82.1,1.6,Yes,Secondary,52.1,69.6,70.4,82.3,93.1
STU-1197,West Senior,12,C,Male,18,68.5,1.8,Yes,Graduate,60.6,67.9,37.9,58.9,70.7
STU-1198,West Senior,10,B,Male,15,73.3,1.5,Yes,Secondary,43.1,48.3,79.8,35.0,56.7
STU-1199,North Academy,10,C,Male,15,76.3,4.9,Yes,Graduate,59.5,70.6,89.1,66.7,77.3
STU-1200,South Public,9,B,Male,14,82.8,0.2,Yes,Primary,56.6,45.5,76.8,82.3,81.6
STU-0111,South Public,9,A,Male,14,81.1,2.3,Yes,Primary,62.6,71.6,72.7,57.8,79.5
STU-0766,East Model,12,A,Female,17,86.2,2.1,Yes,Secondary,65.9,69.0,60.8,75.2,77.6
